-- phpMyAdmin SQL Dump
-- version 4.2.12deb2+deb8u2
-- http://www.phpmyadmin.net
--
-- Host: localhost:80
-- Generation Time: Jun 20, 2017 at 04:12 PM
-- Server version: 5.5.55-0+deb8u1
-- PHP Version: 5.6.30-0+deb8u1

SET SQL_MODE = "NO_AUTO_VALUE_ON_ZERO";
SET time_zone = "+00:00";


/*!40101 SET @OLD_CHARACTER_SET_CLIENT=@@CHARACTER_SET_CLIENT */;
/*!40101 SET @OLD_CHARACTER_SET_RESULTS=@@CHARACTER_SET_RESULTS */;
/*!40101 SET @OLD_COLLATION_CONNECTION=@@COLLATION_CONNECTION */;
/*!40101 SET NAMES utf8 */;

--
-- Database: `blog_ecrivain`
--

-- --------------------------------------------------------

--
-- Table structure for table `comments`
--

CREATE TABLE IF NOT EXISTS `comments` (
`id_comment` int(11) NOT NULL,
  `date_comment` timestamp NULL DEFAULT CURRENT_TIMESTAMP,
  `content` text,
  `report` tinyint(1) DEFAULT '0',
  `read_comment` tinyint(1) NOT NULL DEFAULT '0',
  `parent_id` int(11) NOT NULL DEFAULT '0',
  `depth` int(11) NOT NULL DEFAULT '0',
  `post_id` int(11) DEFAULT NULL,
  `user_id` int(11) DEFAULT NULL
) ENGINE=InnoDB AUTO_INCREMENT=32 DEFAULT CHARSET=utf8;

--
-- Dumping data for table `comments`
--

INSERT INTO `comments` (`id_comment`, `date_comment`, `content`, `report`, `read_comment`, `parent_id`, `depth`, `post_id`, `user_id`) VALUES
(1, '2017-06-19 19:04:21', 'Bonjour tout le monde', 0, 1, 0, 0, 6, 21),
(2, '2017-06-19 19:05:09', 'Article originale.', 0, 1, 0, 0, 5, 21),
(3, '2017-06-19 19:06:11', 'Salut. \r\nPas de limite.', 0, 1, 0, 0, 4, 21),
(4, '2017-06-19 19:06:55', 'Hello World', 0, 0, 0, 0, 3, 21),
(5, '2017-06-19 19:07:50', 'Trop d''aventure', 0, 0, 0, 0, 2, 21),
(6, '2017-06-19 19:15:38', 'Bonjour abl12 bien venue', 0, 0, 1, 1, 6, 19),
(7, '2017-06-19 19:17:08', 'Cet article est surprenant', 0, 0, 0, 0, 6, 19),
(8, '2017-06-19 19:18:25', 'évidemment cet article et originale', 0, 0, 0, 0, 5, 19),
(9, '2017-06-19 19:19:19', 'Vous avez absolument raison', 0, 0, 2, 1, 5, 19),
(24, '2017-06-20 12:54:25', 'Je partage votre avis', 0, 0, 7, 1, 6, 16),
(25, '2017-06-20 12:54:43', 'Moi aussi', 0, 0, 24, 2, 6, 16);

-- --------------------------------------------------------

--
-- Table structure for table `medias`
--

CREATE TABLE IF NOT EXISTS `medias` (
`id_media` int(11) NOT NULL COMMENT '\n',
  `file_name` varchar(255) DEFAULT NULL,
  `url_file` varchar(255) DEFAULT '/img/',
  `post_id` int(11) DEFAULT NULL
) ENGINE=InnoDB AUTO_INCREMENT=10 DEFAULT CHARSET=utf8;

--
-- Dumping data for table `medias`
--

INSERT INTO `medias` (`id_media`, `file_name`, `url_file`, `post_id`) VALUES
(1, 'background1.jpg', '/img/PostsMedia', 1),
(2, 'background2.jpg', '/img/PostsMedia', 2),
(3, 'background3.jpg', '/img/PostsMedia', 3),
(4, 'background4.jpg', '/img/PostsMedia', 4),
(5, 'background5.jpg', '/img/PostsMedia', 5),
(6, 'background6.jpg', '/img/PostsMedia', 6),
(7, 'background7.jpg', '/img/PostsMedia', 7),
(8, 'background8.jpg', '/img/PostsMedia', 8),
(9, 'background9.jpg', '/img/PostsMedia', 9);

-- --------------------------------------------------------

--
-- Table structure for table `posts`
--

CREATE TABLE IF NOT EXISTS `posts` (
`id_post` int(11) NOT NULL,
  `title` varchar(500) DEFAULT NULL,
  `p_date` timestamp NULL DEFAULT CURRENT_TIMESTAMP,
  `content` longtext,
  `publish` int(1) DEFAULT '0',
  `user_id` int(11) DEFAULT NULL
) ENGINE=InnoDB AUTO_INCREMENT=10 DEFAULT CHARSET=utf8;

--
-- Dumping data for table `posts`
--

INSERT INTO `posts` (`id_post`, `title`, `p_date`, `content`, `publish`, `user_id`) VALUES
(1, 'Lorem Ipsum 360°, présentation.', '2017-06-19 18:16:50', '<p style="text-align: justify;"><span style="text-decoration: underline;">Lorem Ipsum 360&deg;</span>&nbsp; est un g&eacute;n&eacute;rateur gratuit et en ligne de faux texte. Il a pour fonction de mettre &agrave; disposition un simulateur de texte complet pour g&eacute;n&eacute;rer des textes de remplacement ou de substitution pour vos maquettes. Il comporte diff&eacute;rents textes al&eacute;atoires en Latin, Cyrillique, Grec, Hindi, Chinois, Japonais, Arabe et H&eacute;breux pour obtenir des exemples de textes dans diff&eacute;rentes langues.<br /><br />Lorem Ipsum 360&deg; vous donne aussi la possibilit&eacute; d''ajouter des signes de ponctuations, des accents et des caract&egrave;res sp&eacute;ciaux au Lipsum standard dans le but de se rapprocher au plus pr&egrave;s du Fran&ccedil;ais ou d''autres langues. De plus si vous souhaitez visualiser le rendu avec des polices diff&eacute;rentes, vous trouverez de nombreuses caract&eacute;ristiques &agrave; param&eacute;trer comme par exemple la font-family, font-size, text-align or line-heigh.</p>\r\n<p style="text-align: justify;">Morbi a metus. Phasellus enim erat, vestibulum vel, aliquam a, posuere eu, velit. Nullam sapien sem, ornare ac, nonummy non, lobortis a, enim. Nunc tincidunt ante vitae massa. Duis ante orci, molestie vitae, vehicula venenatis, tincidunt ac, pede. Nulla accumsan, elit sit amet varius semper, nulla mauris mollis quam, tempor suscipit diam nulla vel leo. Etiam commodo dui eget wisi. Donec iaculis gravida nulla. Donec quis nibh at felis congue commodo. Etiam bibendum elit eget erat. Lorem ipsum dolor sit amet, consectetuer adipiscing elit. Nullam feugiat, turpis at pulvinar vulputate, erat libero tristique tellus, nec bibendum odio risus sit amet ante. Aliquam erat volutpat. Nunc auctor. Mauris pretium quam et urna. Fusce nibh. Duis risus. Curabitur sagittis hendrerit ante. Aliquam erat volutpat. Vestibulum erat nulla, ullamcorper nec, rutrum non, nonummy ac, erat. Duis condimentum augue id magna semper rutrum. Nullam justo enim, consectetuer nec, ullamcorper ac, vestibulum in, elit. Proin pede metus, vulputate nec, fermentum fringilla, vehicula vitae, justo. Fusce consectetuer risus a nunc. Aliquam ornare wisi eu metus. Integer pellentesque quam vel velit. Duis pulvinar.</p>\r\n<p style="text-align: justify;">Maecenas ipsum velit, consectetuer eu, lobortis ut, dictum at, dui. In rutrum. Sed ac dolor sit amet purus malesuada congue. In laoreet, magna id viverra tincidunt, sem odio bibendum justo, vel imperdiet sapien wisi sed libero. Suspendisse sagittis ultrices augue. Mauris metus. Nunc dapibus tortor vel mi dapibus sollicitudin. Etiam posuere lacus quis dolor. Praesent id justo in neque elementum ultrices. Class aptent taciti sociosqu ad litora torquent per conubia nostra, per inceptos hymenaeos. In convallis. Fusce suscipit libero eget elit. Praesent vitae arcu tempor neque lacinia pretium. Morbi imperdiet, mauris ac auctor dictum, nisl ligula egestas nulla, et sollicitudin sem purus in lacus.</p>\r\n<p style="text-align: justify;">Lorem ipsum dolor sit amet, consectetuer adipiscing elit. Morbi gravida libero nec velit. Morbi scelerisque luctus velit. Etiam dui sem,</p>', 1, 1),
(2, 'Lorem Ipsum, avantages.', '2017-06-19 18:18:49', '<h5><em>Lorem Ipsum:</em></h5>\r\n<p style="text-align: justify;">Dans certaines agences dans les ann&eacute;es 90 circulait un texte appel&eacute; le &ldquo;tramway jaune&rdquo; ou &ldquo;yellow subway&ldquo;, sens&eacute;s remplacer le Lorem Ipsum pour donner un aspect plus moderne au contenu. Mais on cherchait trop &agrave; lire le texte quand celui-ci &eacute;tait en fran&ccedil;ais ou en anglais, l&rsquo;effet voulu n&rsquo;&eacute;tait donc pas atteint. Le travail avec du texte lisible, contenant du sens peut &ecirc;tre source de distractions et de ce fait peut emp&ecirc;cher de se concentrer sur la mise en page. <br /><br />L''avantage de l''origine latine doubl&eacute;e du non-sens du contenu du Lorem ipsum, &eacute;vite au lecteur d''&ecirc;tre distrait par le contenu du texte et ainsi peut focaliser son attention sur la conception graphique. En effet le texte Lorem Ipsum a l''avantage par rapport &agrave; un texte g&eacute;n&eacute;rique d''utiliser des mots de longueur variable, simulant une occupation normale de la maquette afin que celle-ci corresponde au produit final et que la future publication n''en soit pas alt&eacute;r&eacute;e.</p>\r\n<p style="text-align: justify;">Aenean placerat. In vulputate urna eu arcu. Aliquam erat volutpat. Suspendisse potenti. Morbi mattis felis at nunc. Duis viverra diam non justo. In nisl. Nullam sit amet magna in magna gravida vehicula. Mauris tincidunt sem sed arcu. Nunc posuere. Nullam lectus justo, vulputate eget, mollis sed, tempor sed, magna. Cum sociis natoque penatibus et magnis dis parturient montes, nascetur ridiculus mus. Etiam neque. Curabitur ligula sapien, pulvinar a, vestibulum quis, facilisis vel, sapien. Nullam eget nisl. Donec vitae arcu. Morbi leo mi, nonummy eget, tristique non, rhoncus non, leo. Nullam faucibus mi quis velit. Integer in sapien. Fusce tellus odio, dapibus id, fermentum quis, suscipit id, erat. Fusce aliquam vestibulum ipsum. Aliquam erat volutpat. Pellentesque sapien. Cras elementum. Nulla pulvinar eleifend sem. Cum sociis natoque penatibus et magnis dis parturient montes, nascetur ridiculus mus. Quisque porta. Vivamus porttitor turpis ac leo.</p>\r\n<p style="text-align: justify;">Aenean placerat. In vulputate urna eu arcu. Aliquam erat volutpat. Suspendisse potenti. Morbi mattis felis at nunc. Duis viverra diam non justo. In nisl. Nullam sit amet magna in magna gravida vehicula. Mauris tincidunt sem sed arcu. Nunc posuere. Nullam lectus justo, vulputate eget, mollis sed, tempor sed, magna. Cum sociis natoque penatibus et magnis dis parturient montes, nascetur ridiculus mus. Etiam neque. Curabitur ligula sapien, pulvinar a, vestibulum quis, facilisis vel, sapien. Nullam eget nisl. Donec vitae arcu.</p>\r\n<p style="text-align: justify;">Maecenas ipsum velit, consectetuer eu, lobortis ut, dictum at, dui. In rutrum. Sed ac dolor sit amet purus malesuada congue. In laoreet, magna id viverra tincidunt, sem odio bibendum justo, vel imperdiet sapien wisi sed libero. Suspendisse sagittis ultrices augue. Mauris metus. Nunc dapibus tortor vel mi dapibus sollicitudin. Etiam posuere lacus quis dolor. Praesent id justo in neque elementum ultrices. Class aptent taciti sociosqu ad litora torquent per conubia nostra, per inceptos hymenaeos. In convallis. Fusce suscipit libero eget elit. Praesent vitae arcu tempor neque lacinia pretium. Morbi imperdiet, mauris ac auctor dictum, nisl ligula egestas nulla, et sollicitudin sem purus in lacus.</p>\r\n<p style="text-align: justify;">Etiam posuere quam ac quam. Maecenas aliquet accumsan leo. Nullam dapibus fermentum ipsum. Etiam quis quam. Integer lacinia. Nulla est. Nulla turpis magna, cursus sit amet, suscipit a, interdum id, felis. Integer vulputate sem a nibh rutrum consequat. Maecenas lorem. Pellentesque pretium lectus id turpis. Etiam sapien elit, consequat eget, tristique non, venenatis quis, ante. Fusce wisi. Phasellus faucibus molestie nisl. Fusce eget urna. Curabitur vitae diam non enim vestibulum interdum. Nulla quis diam. Ut tempus purus at lorem.</p>\r\n<p style="text-align: justify;">Lorem ipsum dolor sit amet, consectetuer adipiscing elit. Nullam feugiat, turpis at pulvinar vulputate, erat libero tristique tellus, nec bibendum odio risus sit amet ante. Aliquam erat volutpat. Nunc auctor. Mauris pretium quam et urna. Fusce nibh. Duis risus. Curabitur sagittis hendrerit ante. Aliquam erat volutpat. Vestibulum erat nulla, ullamcorper nec, rutrum non, nonummy ac, erat. Duis condimentum augue id magna semper rutrum. Nullam justo enim, consectetuer nec, ullamcorper ac, vestibulum in, elit. Proin pede metus, vulputate nec, fermentum fringilla, vehicula vitae, justo. Fusce consectetuer risus a nunc. Aliquam ornare wisi eu metus. Integer pellentesque quam vel.</p>', 1, 1),
(3, 'Lorem Ipsum, utilisations.', '2017-06-19 18:20:25', '<p style="text-align: justify;"><em><strong>Un Lipsum</strong></em> est un texte servant de substitut en l''absence du texte d&eacute;finitif aux futurs contenus d''une maquette ou d''un site web par exemple. Lipsum est issu de la contraction du plus connu des textes de substitution : "Lorem ipsum". Ce type de texte est aussi appel&eacute; texte blanc, faux-texte, bolo bolo, pseudo texte, texte factice, vrai faux texte, faux contenu, texte de remplissage, texte d''attente ou texte de remplacement.<br /><br />L''utilisation de faux-textes est courante depuis le 16&egrave;me si&egrave;cle dans les milieux de l''imprimerie et de la composition. Le faux contenu s''est d&eacute;mocratis&eacute; dans les ann&eacute;es 60 lorsque la soci&eacute;t&eacute; Letraset, sp&eacute;cialiste de la typo, a &eacute;dit&eacute; des planches de ce Lorem Ipsum. A l''&egrave;re de l''informatique, de nombreux logiciels de traitement de texte, de mise en page print ou web l&rsquo;utilisent comme mod&egrave;le de texte par d&eacute;faut, d''o&ugrave; sa pr&eacute;sence sur des sites web en construction.</p>\r\n<p style="text-align: justify;">In sem justo, commodo ut, suscipit at, pharetra vitae, orci. Duis sapien nunc, commodo et, interdum suscipit, sollicitudin et, dolor. Pellentesque habitant morbi tristique senectus et netus et malesuada fames ac turpis egestas. Aliquam id dolor. Class aptent taciti sociosqu ad litora torquent per conubia nostra, per inceptos hymenaeos. Mauris dictum facilisis augue. Fusce tellus. Pellentesque arcu. Maecenas fermentum, sem in pharetra pellentesque, velit turpis volutpat ante, in pharetra metus odio a lectus. Sed elit dui, pellentesque a, faucibus vel, interdum nec, diam. Mauris dolor felis, sagittis at, luctus sed, aliquam non, tellus. Etiam ligula pede, sagittis quis, interdum ultricies, scelerisque eu, urna. Nullam at arcu a est sollicitudin euismod. Praesent dapibus. Duis bibendum, lectus ut viverra rhoncus, dolor nunc faucibus libero, eget facilisis enim ipsum id lacus. Nam sed tellus id magna elementum tincidunt. Maecenas ipsum velit, consectetuer eu, lobortis ut, dictum at, dui. In rutrum. Sed ac dolor sit amet purus malesuada congue. In laoreet, magna id viverra tincidunt, sem odio bibendum justo, vel imperdiet sapien wisi sed libero. Suspendisse sagittis ultrices augue. Mauris metus. Nunc dapibus tortor vel mi dapibus sollicitudin. Etiam posuere lacus quis dolor. Praesent id justo in neque elementum ultrices. Class aptent taciti sociosqu ad litora torquent per conubia nostra, per inceptos hymenaeos. In convallis. Fusce suscipit libero eget elit. Praesent vitae arcu tempor neque lacinia pretium. Morbi imperdiet, mauris ac auctor dictum, nisl ligula egestas nulla, et sollicitudin sem purus in lacus.</p>\r\n<p style="text-align: justify;">Aenean placerat. In vulputate urna eu arcu. Aliquam erat volutpat. Suspendisse potenti. Morbi mattis felis at nunc. Duis viverra diam non justo. In nisl. Nullam sit amet magna in magna gravida vehicula. Mauris tincidunt sem sed arcu. Nunc posuere. Nullam lectus justo, vulputate eget, mollis sed, tempor sed, magna. Cum sociis natoque penatibus et magnis dis parturient montes, nascetur ridiculus mus. Etiam neque. Curabitur ligula sapien, pulvinar a, vestibulum quis, facilisis vel, sapien. Nullam eget nisl. Donec vitae arcu.</p>\r\n<p style="text-align: justify;">Lorem ipsum dolor sit amet, consectetuer adipiscing elit. Morbi gravida libero nec velit. Morbi scelerisque luctus velit. Etiam dui sem, fermentum vitae, sagittis id, malesuada in, quam. Proin mattis lacinia justo. Vestibulum facilisis auctor urna. Aliquam in lorem sit amet leo accumsan lacinia. Integer rutrum, orci vestibulum ullamcorper ultricies, lacus quam ultricies odio, vitae placerat pede sem sit amet enim. Phasellus et lorem id felis nonummy placerat. Fusce dui leo, imperdiet in, aliquam sit amet, feugiat eu, orci. Aenean vel massa quis mauris vehicula lacinia. Quisque tincidunt scelerisque libero. Maecenas libero. Etiam dictum tincidunt diam. Donec ipsum massa, ullamcorper in, auctor et, scelerisque sed, est. Suspendisse nisl. Sed convallis magna eu sem. Cras pede libero, dapibus nec, pretium sit amet, tempor quis, urna.</p>\r\n<p style="text-align: justify;">Nam quis nulla. Integer malesuada. In in enim a arcu imperdiet malesuada. Sed vel lectus. Donec odio urna, tempus molestie, porttitor ut, iaculis quis, sem. Phasellus rhoncus. Aenean id metus id velit ullamcorper pulvinar. Vestibulum fermentum tortor id mi. Pellentesque ipsum. Nulla non arcu lacinia neque faucibus fringilla. Nulla non lectus sed nisl molestie malesuada. Proin in tellus sit amet nibh dignissim sagittis. Vivamus luctus egestas leo. Maecenas sollicitudin. Nullam rhoncus aliquam metus. Etiam egestas wisi a erat.</p>\r\n<p style="text-align: justify;">Nam quis nulla. Integer malesuada. In in enim a arcu imperdiet malesuada. Sed vel lectus. Donec odio urna, tempus molestie, porttitor ut, iaculis quis, sem. Phasellus rhoncus. Aenean id metus id velit ullamcorper pulvinar. Vestibulum fermentum tortor id mi. Pellentesque ipsum. Nulla non arcu lacinia neque faucibus fringilla. Nulla non lectus sed nisl molestie malesuada. Proin in tellus sit amet nibh dignissim sagittis. Vivamus luctus egestas leo. Maecenas sollicitudin. Nullam rhoncus aliquam metus. Etiam egestas wisi a erat.</p>\r\n<p style="text-align: justify;">Aenean placerat. In vulputate urna eu arcu. Aliquam erat volutpat. Suspendisse potenti. Morbi mattis felis at nunc. Duis viverra diam non justo. In nisl. Nullam sit amet magna in magna gravida vehicula. Mauris tincidunt sem sed arcu. Nunc posuere. Nullam lectus justo, vulputate eget, mollis sed, tempor sed, magna. Cum sociis natoque penatibus et magnis dis parturient montes, nascetur ridiculus mus. Etiam neque. Curabitur ligula sapien, pulvinar a, vestibulum quis, facilisis vel, sapien. Nullam eget nisl. Donec vitae arcu.</p>\r\n<p style="text-align: justify;">In sem justo, commodo ut, suscipit at, pharetra vitae, orci. Duis sapien nunc, commodo et, interdum suscipit, sollicitudin et, dolor. Pellentesque habitant morbi tristique senectus et netus et malesuada fames ac turpis egestas. Aliquam id dolor. Class aptent taciti sociosqu ad litora torquent per conubia nostra, per inceptos hymenaeos. Mauris dictum facilisis augue. Fusce tellus. Pellentesque arcu. Maecenas fermentum, sem in pharetra pellentesque, velit turpis volutpat ante, in pharetra metus odio a lectus. Sed elit dui, pellentesque a, faucibus vel, interdum nec, diam. Mauris dolor felis, sagittis at, luctus sed, aliquam non, tellus. Etiam ligula pede, sagittis quis, interdum ultricies, scelerisque eu, urna. Nullam at arcu a est sollicitudin euismod. Praesent dapibus. Duis bibendum, lectus ut viverra rhoncus, dolor nunc faucibus libero, eget facilisis enim ipsum id lacus. Nam sed tellus id magna elementum tincidunt.</p>\r\n<p style="text-align: justify;">In sem justo, commodo ut, suscipit at, pharetra vitae, orci. Duis sapien nunc, commodo et, interdum suscipit, sollicitudin et, dolor. Pellentesque habitant morbi tristique senectus et netus et malesuada fames ac turpis egestas. Aliquam id dolor. Class aptent taciti sociosqu ad litora torquent per conubia nostra, per inceptos hymenaeos. Mauris dictum facilisis augue. Fusce tellus. Pellentesque arcu. Maecenas fermentum, sem in pharetra pellentesque, velit turpis volutpat ante, in pharetra metus odio a lectus. Sed elit dui, pellentesque a, faucibus vel, interdum nec, diam. Mauris dolor felis, sagittis at, luctus sed, aliquam non, tellus. Etiam ligula pede, sagittis quis, interdum ultricies, scelerisque eu, urna. Nullam at arcu a est sollicitudin euismod. Praesent dapibus. Duis bibendum, lectus ut viverra rhoncus, dolor nunc faucibus libero, eget facilisis enim ipsum id lacus. Nam sed tellus id magna elementum tincidunt.</p>\r\n<p style="text-align: justify;">Aenean placerat. In vulputate urna eu arcu. Aliquam erat volutpat. Suspendisse potenti. Morbi mattis felis at nunc. Duis viverra diam non justo. In nisl. Nullam sit amet magna in magna gravida vehicula. Mauris tincidunt sem sed arcu. Nunc posuere. Nullam lectus justo, vulputate eget, mollis sed, tempor sed, magna. Cum sociis natoque penatibus et</p>', 1, 1),
(4, 'Lorem Ipsum, limites.', '2017-06-19 18:21:33', '<p style="text-align: justify;">Une des limites de l''utilisation du faux-texte dans la conception de sites web est que ce texte n''&eacute;tant jamais lu, il ne permet pas de v&eacute;rifier sa lisibilit&eacute; effective. De plus les formules con&ccedil;ues avec du faux-texte ont tendance &agrave; sous-estimer l''espace n&eacute;cessaire ce qui oblige les r&eacute;dactions &agrave; formuler ensuite des titres simplificateurs, voire inexacts, pour ne pas d&eacute;passer l''espace imparti.<br /><br />Le faux-texte ne donne &eacute;galement pas un aper&ccedil;u r&eacute;aliste du gris typographique, en particulier dans le cas des textes justifi&eacute;s. L''interlettrage du faux-texte est toujours quelque peu sup&eacute;rieur &agrave; ce qu''il aurait &eacute;t&eacute; avec un texte r&eacute;el, qui pr&eacute;sentera donc un aspect plus sombre et moins lisible que le faux-texte avec lequel le graphiste a effectu&eacute; ses essais. Cela peut ainsi fausser la pr&eacute;sentation d&eacute;finitive de l''impression.</p>\r\n<p style="text-align: justify;">Nam quis nulla. Integer malesuada. In in enim a arcu imperdiet malesuada. Sed vel lectus. Donec odio urna, tempus molestie, porttitor ut, iaculis quis, sem. Phasellus rhoncus. Aenean id metus id velit ullamcorper pulvinar. Vestibulum fermentum tortor id mi. Pellentesque ipsum. Nulla non arcu lacinia neque faucibus fringilla. Nulla non lectus sed nisl molestie malesuada. Proin in tellus sit amet nibh dignissim sagittis. Vivamus luctus egestas leo. Maecenas sollicitudin. Nullam rhoncus aliquam metus. Etiam egestas wisi a erat. Maecenas ipsum velit, consectetuer eu, lobortis ut, dictum at, dui. In rutrum. Sed ac dolor sit amet purus malesuada congue. In laoreet, magna id viverra tincidunt, sem odio bibendum justo, vel imperdiet sapien wisi sed libero. Suspendisse sagittis ultrices augue. Mauris metus. Nunc dapibus tortor vel mi dapibus sollicitudin. Etiam posuere lacus quis dolor. Praesent id justo in neque elementum ultrices. Class aptent taciti sociosqu ad litora torquent per conubia nostra, per inceptos hymenaeos. In convallis. Fusce suscipit libero eget elit. Praesent vitae arcu tempor neque lacinia pretium. Morbi imperdiet, mauris ac auctor dictum, nisl ligula egestas nulla, et sollicitudin sem purus in lacus.</p>\r\n<p style="text-align: justify;">Maecenas ipsum velit, consectetuer eu, lobortis ut, dictum at, dui. In rutrum. Sed ac dolor sit amet purus malesuada congue. In laoreet, magna id viverra tincidunt, sem odio bibendum justo, vel imperdiet sapien wisi sed libero. Suspendisse sagittis ultrices augue. Mauris metus. Nunc dapibus tortor vel mi dapibus sollicitudin. Etiam posuere lacus quis dolor. Praesent id justo in neque elementum ultrices. Class aptent taciti sociosqu ad litora torquent per conubia nostra, per inceptos hymenaeos. In convallis. Fusce suscipit libero eget elit. Praesent vitae arcu tempor neque lacinia pretium. Morbi imperdiet, mauris ac auctor dictum, nisl ligula egestas nulla, et sollicitudin sem purus in lacus.</p>\r\n<p style="text-align: justify;">Morbi a metus. Phasellus enim erat, vestibulum vel, aliquam a, posuere eu, velit. Nullam sapien sem, ornare ac, nonummy non, lobortis a, enim. Nunc tincidunt ante vitae massa. Duis ante orci, molestie vitae, vehicula venenatis, tincidunt ac, pede. Nulla accumsan, elit sit amet varius semper, nulla mauris mollis quam, tempor suscipit diam nulla vel leo. Etiam commodo dui eget wisi. Donec iaculis gravida nulla. Donec quis nibh at felis congue commodo. Etiam bibendum elit eget erat.</p>\r\n<p style="text-align: justify;">Nam quis nulla. Integer malesuada. In in enim a arcu imperdiet malesuada. Sed vel lectus. Donec odio urna, tempus molestie, porttitor ut, iaculis quis, sem. Phasellus rhoncus. Aenean id metus id velit ullamcorper pulvinar. Vestibulum fermentum tortor id mi. Pellentesque ipsum. Nulla non arcu lacinia neque faucibus fringilla. Nulla non lectus sed nisl molestie malesuada. Proin in tellus sit amet nibh dignissim sagittis. Vivamus luctus egestas leo. Maecenas sollicitudin. Nullam rhoncus aliquam metus. Etiam egestas wisi a erat.</p>\r\n<p style="text-align: justify;">In sem justo, commodo ut, suscipit at, pharetra vitae, orci. Duis sapien nunc, commodo et, interdum suscipit, sollicitudin et, dolor. Pellentesque habitant morbi tristique senectus et netus et malesuada fames ac turpis egestas. Aliquam id dolor. Class aptent taciti sociosqu ad litora torquent per conubia nostra, per inceptos hymenaeos. Mauris dictum facilisis augue. Fusce tellus. Pellentesque arcu. Maecenas fermentum, sem in pharetra pellentesque, velit turpis volutpat ante, in pharetra metus odio a lectus. Sed elit dui, pellentesque a, faucibus vel, interdum nec, diam. Mauris dolor felis, sagittis at, luctus sed, aliquam non, tellus. Etiam ligula pede, sagittis quis, interdum ultricies, scelerisque eu, urna. Nullam at arcu a est sollicitudin euismod. Praesent dapibus. Duis bibendum, lectus ut viverra rhoncus, dolor nunc faucibus libero, eget facilisis enim ipsum id lacus. Nam sed tellus id magna elementum tincidunt.</p>\r\n<p style="text-align: justify;">Nam quis nulla. Integer malesuada. In in enim a arcu imperdiet malesuada. Sed vel lectus. Donec odio urna, tempus molestie, porttitor ut, iaculis quis, sem. Phasellus rhoncus. Aenean id metus id velit ullamcorper pulvinar. Vestibulum fermentum tortor id mi. Pellentesque ipsum. Nulla non arcu lacinia neque faucibus fringilla. Nulla non lectus sed nisl molestie malesuada. Proin in tellus sit amet nibh dignissim sagittis. Vivamus luctus egestas leo. Maecenas sollicitudin. Nullam rhoncus aliquam metus. Etiam egestas wisi a erat.</p>\r\n<p style="text-align: justify;">Aenean placerat. In vulputate urna eu arcu. Aliquam erat volutpat. Suspendisse potenti. Morbi mattis felis at nunc. Duis viverra diam non justo. In nisl. Nullam sit amet magna in magna gravida vehicula. Mauris tincidunt sem sed arcu. Nunc posuere. Nullam lectus justo, vulputate eget, mollis sed, tempor sed, magna. Cum sociis natoque penatibus et magnis dis parturient montes, nascetur ridiculus mus. Etiam neque. Curabitur ligula sapien, pulvinar a, vestibulum quis, facilisis vel, sapien. Nullam eget nisl. Donec vitae arcu.</p>\r\n<p style="text-align: justify;">Aenean placerat. In vulputate urna eu arcu. Aliquam erat volutpat. Suspendisse potenti. Morbi mattis felis at nunc. Duis viverra diam non justo. In nisl. Nullam sit amet magna in magna gravida vehicula. Mauris tincidunt sem sed arcu. Nunc posuere. Nullam lectus justo, vulputate eget, mollis sed, tempor sed, magna. Cum sociis natoque penatibus et magnis dis parturient montes, nascetur ridiculus mus. Etiam neque. Curabitur ligula sapien, pulvinar a, vestibulum quis, facilisis vel, sapien. Nullam eget nisl. Donec vitae arcu.</p>\r\n<p style="text-align: justify;">Nam quis nulla. Integer malesuada. In in enim a arcu imperdiet malesuada. Sed vel lectus. Donec odio urna, tempus molestie, porttitor ut, iaculis quis, sem. Phasellus rhoncus. Aenean id metus id velit ullamcorper pulvinar. Vestibulum fermentum tortor id mi. Pellentesque ipsum. Nulla non arcu lacinia neque faucibus fringilla. Nulla non lectus sed nisl molestie malesuada. Proin in tellus sit amet nibh dignissim sagittis. Vivamus luctus egestas leo. Maecenas sollicitudin. Nullam rhoncus aliquam metus. Etiam egestas wisi a erat.</p>\r\n<p style="text-align: justify;">Morbi leo mi, nonummy eget, tristique non, rhoncus non, leo. Nullam</p>', 1, 1),
(5, 'Lorem Ipsum, origines.', '2017-06-19 18:24:13', '<p style="text-align: justify;"><span style="text-decoration: underline;"><em><strong>Le Lorem Ipsum:</strong></em></span> est la r&eacute;f&eacute;rence depuis la fin du Moyen-&Acirc;ge. Un peintre aurait m&eacute;lang&eacute; des morceaux de texte pour en faire un livre de sp&eacute;cimen et ce serait ce texte que nous utiliserions de nos jours. Une autre version dit qu''il s&rsquo;agit d&rsquo;un extrait de l''ouvrage de Cic&eacute;ron : "De Finibus Bonorum et Malorum" sections 1.10.32 et 1.10.33. Cet ouvrage, tr&egrave;s populaire pendant la Renaissance, est un trait&eacute; sur la th&eacute;orie de l''&eacute;thique.<br /><br />Il semblerait que seuls certains extraits du texte original fassent partis des Lipsum couramment utilis&eacute;s, et qu''une s&eacute;rie de lettres aient &eacute;t&eacute; enlev&eacute;es ou rajout&eacute;es &agrave; divers endroits du texte au fil du temps. C''est la raison pour laquelle il existe de nos jours toute une s&eacute;rie de Lorem ipsum plus ou moins diff&eacute;rant les uns des autres. D&ucirc; &agrave; sa date de production, l''utilisation des Lorem ipsum n''est plus sujette aux droits d''auteurs et &eacute;vite tous probl&egrave;mes de copyright.</p>\r\n<p style="text-align: justify;">Morbi a metus. Phasellus enim erat, vestibulum vel, aliquam a, posuere eu, velit. Nullam sapien sem, ornare ac, nonummy non, lobortis a, enim. Nunc tincidunt ante vitae massa. Duis ante orci, molestie vitae, vehicula venenatis, tincidunt ac, pede. Nulla accumsan, elit sit amet varius semper, nulla mauris mollis quam, tempor suscipit diam nulla vel leo. Etiam commodo dui eget wisi. Donec iaculis gravida nulla. Donec quis nibh at felis congue commodo. Etiam bibendum elit eget erat. In sem justo, commodo ut, suscipit at, pharetra vitae, orci. Duis sapien nunc, commodo et, interdum suscipit, sollicitudin et, dolor. Pellentesque habitant morbi tristique senectus et netus et malesuada fames ac turpis egestas. Aliquam id dolor. Class aptent taciti sociosqu ad litora torquent per conubia nostra, per inceptos hymenaeos. Mauris dictum facilisis augue. Fusce tellus. Pellentesque arcu. Maecenas fermentum, sem in pharetra pellentesque, velit turpis volutpat ante, in pharetra metus odio a lectus. Sed elit dui, pellentesque a, faucibus vel, interdum nec, diam. Mauris dolor felis, sagittis at, luctus sed, aliquam non, tellus. Etiam ligula pede, sagittis quis, interdum ultricies, scelerisque eu, urna. Nullam at arcu a est sollicitudin euismod. Praesent dapibus. Duis bibendum, lectus ut viverra rhoncus, dolor nunc faucibus libero, eget facilisis enim ipsum id lacus. Nam sed tellus id magna elementum tincidunt.</p>\r\n<p style="text-align: justify;">Praesent in mauris eu tortor porttitor accumsan. Mauris suscipit, ligula sit amet pharetra semper, nibh ante cursus purus, vel sagittis velit mauris vel metus. Aenean fermentum risus id tortor. Integer imperdiet lectus quis justo. Integer tempor. Vivamus ac urna vel leo pretium faucibus. Mauris elementum mauris vitae tortor. In dapibus augue non sapien. Aliquam ante. Curabitur bibendum justo non orci.</p>\r\n<p style="text-align: justify;">Nam quis nulla. Integer malesuada. In in enim a arcu imperdiet malesuada. Sed vel lectus. Donec odio urna, tempus molestie, porttitor ut, iaculis quis, sem. Phasellus rhoncus. Aenean id metus id velit ullamcorper pulvinar. Vestibulum fermentum tortor id mi. Pellentesque ipsum. Nulla non arcu lacinia neque faucibus fringilla. Nulla non lectus sed nisl molestie malesuada. Proin in tellus sit amet nibh dignissim sagittis. Vivamus luctus egestas leo. Maecenas sollicitudin. Nullam rhoncus aliquam metus. Etiam egestas wisi a erat.</p>\r\n<p style="text-align: justify;">Praesent in mauris eu tortor porttitor accumsan. Mauris suscipit, ligula sit amet pharetra semper, nibh ante cursus purus, vel sagittis velit mauris vel metus. Aenean fermentum risus id tortor. Integer imperdiet lectus quis justo. Integer tempor. Vivamus ac urna vel leo pretium faucibus. Mauris elementum mauris vitae tortor. In dapibus augue non sapien. Aliquam ante. Curabitur bibendum justo non orci.</p>\r\n<p style="text-align: justify;">Morbi a metus. Phasellus enim erat, vestibulum vel, aliquam a, posuere eu, velit. Nullam sapien sem, ornare ac, nonummy non, lobortis a, enim. Nunc tincidunt ante vitae massa. Duis ante orci, molestie vitae, vehicula venenatis, tincidunt ac, pede. Nulla accumsan, elit sit amet varius semper, nulla mauris mollis quam, tempor suscipit diam nulla vel leo. Etiam commodo dui eget wisi. Donec iaculis gravida nulla. Donec quis nibh at felis congue commodo. Etiam bibendum elit eget erat.</p>\r\n<p style="text-align: justify;">In sem justo, commodo ut, suscipit at, pharetra vitae, orci. Duis sapien nunc, commodo et, interdum suscipit, sollicitudin et, dolor. Pellentesque habitant morbi tristique senectus et netus et malesuada fames ac turpis egestas. Aliquam id dolor. Class aptent taciti sociosqu ad litora torquent per conubia nostra, per inceptos hymenaeos. Mauris dictum facilisis augue. Fusce tellus. Pellentesque arcu. Maecenas fermentum, sem in pharetra pellentesque, velit turpis volutpat ante, in pharetra metus odio a lectus. Sed elit dui, pellentesque a, faucibus vel, interdum nec, diam. Mauris dolor felis, sagittis at, luctus sed, aliquam non, tellus. Etiam ligula pede, sagittis quis, interdum ultricies, scelerisque eu, urna. Nullam at arcu a est sollicitudin euismod. Praesent dapibus. Duis bibendum, lectus ut viverra rhoncus, dolor nunc faucibus libero, eget facilisis enim ipsum id lacus. Nam sed tellus id magna elementum tincidunt.</p>\r\n<p style="text-align: justify;">Etiam posuere quam ac quam. Maecenas aliquet accumsan leo. Nullam dapibus fermentum ipsum. Etiam quis quam. Integer lacinia. Nulla est. Nulla turpis magna, cursus sit amet, suscipit a, interdum id, felis. Integer vulputate sem a nibh rutrum consequat. Maecenas lorem. Pellentesque pretium lectus id turpis. Etiam sapien elit, consequat eget, tristique non, venenatis quis, ante. Fusce wisi. Phasellus faucibus molestie nisl. Fusce eget urna. Curabitur vitae diam non enim vestibulum interdum. Nulla quis diam. Ut tempus purus at lorem.</p>\r\n<p style="text-align: justify;">Lorem ipsum dolor sit amet, consectetuer adipiscing elit. Nullam feugiat, turpis at pulvinar vulputate, erat libero tristique tellus, nec bibendum odio risus sit amet ante. Aliquam erat volutpat. Nunc auctor. Mauris pretium quam et urna. Fusce nibh. Duis risus. Curabitur sagittis hendrerit ante. Aliquam erat volutpat. Vestibulum erat nulla, ullamcorper nec, rutrum non, nonummy ac, erat. Duis condimentum augue id magna semper rutrum. Nullam justo enim, consectetuer nec, ullamcorper ac, vestibulum in, elit. Proin pede metus, vulputate nec, fermentum fringilla, vehicula vitae, justo. Fusce consectetuer risus a nunc. Aliquam ornare wisi eu metus. Integer pellentesque quam vel velit. Duis pulvinar.</p>\r\n<p style="text-align: justify;">In sem justo, commodo ut, suscipit at, pharetra vitae, orci. Duis sapien nunc, commodo et, interdum suscipit, sollicitudin et, dolor. Pellentesque habitant morbi tristique senectus et netus et malesuada fames ac turpis egestas. Aliquam id dolor. Class aptent taciti sociosqu ad litora torquent per conubia nostra, per inceptos hymenaeos. Mauris dictum facilisis augue. Fusce tellus. Pellentesque arcu. Maecenas fermentum, sem in pharetra pellentesque, velit turpis volutpat ante, in pharetra metus odio a lectus. Sed elit dui, pellentesque a, faucibus vel, interdum nec, diam. Mauris dolor felis, sagittis at, luctus sed, aliquam non, tellus. Etiam ligula pede, sagittis quis, interdum ultricies, scelerisque eu, urna. Nullam at arcu a est sollicitudin euismod. Praesent dapibus. Duis bibendum, lectus ut viverra rhoncus, dolor nunc faucibus libero, eget facilisis enim ipsum id lacus. Nam sed tellus id magna elementum tincidunt.</p>\r\n<p style="text-align: justify;">Praesent in mauris eu tortor porttitor accumsan. Mauris suscipit, ligula sit amet pharetra semper, nibh ante cursus purus, vel sagittis velit mauris vel metus. Aenean fermentum risus id tortor. Integer imperdiet lectus quis justo. Integer tempor. Vivamus ac urna vel leo pretium faucibus. Mauris elementum mauris vitae tortor. In dapibus augue non sapien. Aliquam ante. Curabitur bibendum justo non orci.</p>\r\n<p style="text-align: justify;">Maecenas ipsum velit, consectetuer eu, lobortis ut, dictum at, dui. In rutrum. Sed ac dolor sit amet purus malesuada congue. In laoreet, magna id viverra tincidunt, sem odio bibendum justo, vel imperdiet sapien wisi sed libero. Suspendisse sagittis ultrices augue. Mauris metus. Nunc dapibus tortor vel mi dapibus sollicitudin. Etiam posuere lacus quis dolor. Praesent id justo in neque elementum ultrices. Class aptent taciti sociosqu ad litora torquent per conubia nostra, per inceptos hymenaeos. In convallis. Fusce suscipit libero eget elit. Praesent vitae arcu tempor neque lacinia pretium. Morbi imperdiet, mauris ac auctor dictum, nisl ligula egestas nulla, et sollicitudin sem purus in lacus.</p>\r\n<p style="text-align: justify;">Etiam posuere quam ac quam. Maecenas aliquet accumsan leo. Nullam dapibus fermentum ipsum. Etiam quis quam. Integer lacinia. Nulla est. Nulla turpis magna, cursus sit amet, suscipit a, interdum id, felis. Integer vulputate sem a nibh rutrum consequat. Maecenas lorem. Pellentesque pretium lectus id turpis. Etiam sapien elit, consequat eget, tristique non, venenatis quis, ante. Fusce wisi. Phasellus faucibus molestie nisl. Fusce eget urna. Curabitur vitae diam non enim vestibulum interdum. Nulla quis diam. Ut tempus purus at lorem.</p>\r\n<p style="text-align: justify;">Lorem ipsum dolor sit amet, consectetuer adipiscing elit. Nullam feugiat, turpis at pulvinar vulputate, erat libero tristique tellus, nec bibendum odio risus sit amet ante. Aliquam erat volutpat. Nunc auctor. Mauris pretium quam et urna. Fusce nibh. Duis risus. Curabitur sagittis hendrerit ante. Aliquam erat volutpat. Vestibulum erat nulla, ullamcorper nec, rutrum non, nonummy ac, erat. Duis condimentum augue id magna semper rutrum. Nullam justo enim, consectetuer nec, ullamcorper ac, vestibulum in, elit. Proin pede metus, vulputate nec, fermentum fringilla, vehicula vitae, justo. Fusce consectetuer risus a nunc. Aliquam ornare wisi eu metus. Integer pellentesque quam vel velit. Duis pulvinar.</p>\r\n<p style="text-align: justify;">Aenean placerat. In vulputate urna eu arcu. Aliquam erat volutpat. Suspendisse potenti. Morbi mattis felis at nunc. Duis viverra diam non justo. In nisl. Nullam sit amet magna in magna gravida vehicula. Mauris tincidunt sem sed arcu. Nunc posuere. Nullam lectus justo, vulputate eget, mollis sed, tempor sed, magna. Cum sociis natoque penatibus et magnis dis parturient montes, nascetur ridiculus mus. Etiam neque. Curabitur ligula sapien, pulvinar a, vestibulum quis, facilisis vel, sapien. Nullam eget nisl. Donec vitae arcu.</p>\r\n<p style="text-align: justify;">Lorem ipsum dolor sit amet, consectetuer adipiscing elit. Morbi gravida libero nec velit. Morbi scelerisque luctus velit. Etiam dui sem, fermentum vitae, sagittis id, malesuada in, quam. Proin mattis lacinia justo. Vestibulum facilisis auctor urna. Aliquam in lorem sit amet leo accumsan lacinia. Integer rutrum, orci vestibulum ullamcorper ultricies, lacus quam ultricies odio, vitae placerat pede sem sit amet enim. Phasellus et lorem id felis nonummy placerat. Fusce dui leo, imperdiet in, aliquam sit amet, feugiat eu, orci. Aenean vel massa quis mauris vehicula lacinia. Quisque tincidunt scelerisque libero. Maecenas libero. Etiam dictum tincidunt diam. Donec ipsum massa, ullamcorper in, auctor et, scelerisque sed, est. Suspendisse nisl. Sed convallis magna eu sem. Cras pede libero, dapibus nec, pretium sit amet, tempor quis, urna.</p>\r\n<p style="text-align: justify;">Aenean placerat. In vulputate urna eu arcu. Aliquam erat volutpat. Suspendisse potenti. Morbi mattis felis at nunc. Duis viverra diam non justo. In nisl. Nullam sit amet magna in magna gravida vehicula. Mauris tincidunt sem sed arcu. Nunc posuere. Nullam lectus justo, vulputate eget, mollis sed, tempor sed, magna. Cum sociis natoque penatibus et magnis dis parturient montes, nascetur ridiculus mus. Etiam neque. Curabitur ligula sapien, pulvinar a, vestibulum quis, facilisis vel, sapien. Nullam eget nisl. Donec vitae arcu.</p>\r\n<p style="text-align: justify;">Praesent in mauris eu tortor porttitor accumsan. Mauris suscipit, ligula sit amet pharetra semper, nibh ante cursus purus, vel sagittis velit mauris vel metus. Aenean fermentum risus id tortor. Integer imperdiet lectus quis justo. Integer tempor. Vivamus ac urna vel leo pretium faucibus. Mauris elementum mauris vitae tortor. In dapibus augue non sapien. Aliquam ante. Curabitur bibendum justo non orci.</p>\r\n<p style="text-align: justify;">Lorem ipsum dolor sit amet, consectetuer adipiscing elit. Morbi gravida libero nec velit. Morbi scelerisque luctus velit. Etiam dui sem, fermentum vitae, sagittis id, malesuada in, quam. Proin mattis lacinia justo. Vestibulum facilisis auctor urna. Aliquam in lorem sit amet leo accumsan lacinia. Integer rutrum, orci vestibulum ullamcorper ultricies, lacus quam ultricies odio, vitae placerat pede sem sit amet enim. Phasellus et lorem id felis nonummy placerat. Fusce dui leo, imperdiet in, aliquam sit amet, feugiat eu, orci. Aenean vel massa quis mauris vehicula lacinia. Quisque tincidunt scelerisque libero. Maecenas libero. Etiam dictum tincidunt diam. Donec ipsum massa, ullamcorper in, auctor et, scelerisque sed, est. Suspendisse nisl. Sed convallis magna eu sem. Cras pede libero, dapibus nec, pretium sit amet, tempor quis, urna.</p>\r\n<p style="text-align: justify;">Nam quis nulla. Integer malesuada. In in enim a arcu imperdiet malesuada. Sed vel lectus. Donec odio urna, tempus molestie, porttitor ut, iaculis quis, sem. Phasellus rhoncus. Aenean id metus id velit ullamcorper pulvinar. Vestibulum fermentum tortor id mi. Pellentesque ipsum. Nulla non arcu lacinia neque faucibus fringilla. Nulla non lectus sed nisl molestie malesuada. Proin in tellus sit amet nibh dignissim sagittis. Vivamus luctus egestas leo. Maecenas sollicitudin. Nullam rhoncus aliquam metus. Etiam egestas wisi a erat.</p>\r\n<p style="text-align: justify;">Morbi leo mi, nonummy eget, tristique non, rhoncus non, leo. Nullam faucibus mi quis velit. Integer in sapien. Fusce tellus odio, dapibus id, fermentum quis, suscipit id, erat. Fusce aliquam vestibulum ipsum. Aliquam erat volutpat. Pellentesque sapien. Cras elementum. Nulla pulvinar eleifend sem. Cum sociis natoque penatibus et magnis dis parturient montes, nascetur ridiculus mus. Quisque porta. Vivamus porttitor turpis ac leo.</p>\r\n<p style="text-align: justify;">Morbi a metus. Phasellus enim erat, vestibulum vel, aliquam a, posuere eu, velit. Nullam sapien sem, ornare ac, nonummy non, lobortis a, enim. Nunc tincidunt ante vitae massa. Duis ante orci, molestie vitae, vehicula venenatis, tincidunt ac, pede. Nulla accumsan, elit sit amet varius semper, nulla mauris mollis quam, tempor suscipit diam nulla vel leo. Etiam commodo dui eget wisi. Donec iaculis gravida nulla. Donec quis nibh at felis congue commodo. Etiam bibendum elit eget erat.</p>\r\n<p style="text-align: justify;">Aenean placerat. In vulputate urna eu arcu. Aliquam erat volutpat. Suspendisse potenti. Morbi mattis felis at nunc. Duis viverra diam non justo. In nisl. Nullam sit amet magna in magna gravida vehicula. Mauris tincidunt sem sed arcu. Nunc posuere. Nullam lectus justo, vulputate</p>', 1, 1),
(6, 'Lorem Ipsum, logiciels.', '2017-06-19 18:25:26', '<p style="text-align: justify;">De nombreux outils logiciels mettent &agrave; disposition des textes al&eacute;atoires de remplissage pour cr&eacute;er du faux contenu directement dans leur environnement. Ils sont soit sous la forme de logiciels &agrave; installer sur votre PC ou Mac soit sous la forme d''extensions ou plugins &agrave; installer dans vos logiciels existants (logiciel de texte, navigateur, logiciel de cr&eacute;ation de site web, logiciel de design...). <br /><br />Vous pourrez ainsi trouver des fonctions ou installer des plugins pour g&eacute;n&eacute;rer des textes Lorem Ipsum dans vos logiciels d''&eacute;dition de texte comme Microsoft Word, OpenOffice, NotePad++ ou Lotus Notes ; vos logiciels de pr&eacute;sentation comme Keynote ou Pages ; vos CMS comme Joomla, Drupa, Mambo, PH-Nuke, WordPress ou Movable Type ; vos logiciels de navigation web comme Chrome ; vos logiciels de desgin comme Photoshop.</p>\r\n<p style="text-align: justify;">Aenean placerat. In vulputate urna eu arcu. Aliquam erat volutpat. Suspendisse potenti. Morbi mattis felis at nunc. Duis viverra diam non justo. In nisl. Nullam sit amet magna in magna gravida vehicula. Mauris tincidunt sem sed arcu. Nunc posuere. Nullam lectus justo, vulputate eget, mollis sed, tempor sed, magna. Cum sociis natoque penatibus et magnis dis parturient montes, nascetur ridiculus mus. Etiam neque. Curabitur ligula sapien, pulvinar a, vestibulum quis, facilisis vel, sapien. Nullam eget nisl. Donec vitae arcu. Aenean placerat. In vulputate urna eu arcu. Aliquam erat volutpat. Suspendisse potenti. Morbi mattis felis at nunc. Duis viverra diam non justo. In nisl. Nullam sit amet magna in magna gravida vehicula. Mauris tincidunt sem sed arcu. Nunc posuere. Nullam lectus justo, vulputate eget, mollis sed, tempor sed, magna. Cum sociis natoque penatibus et magnis dis parturient montes, nascetur ridiculus mus. Etiam neque. Curabitur ligula sapien, pulvinar a, vestibulum quis, facilisis vel, sapien. Nullam eget nisl. Donec vitae arcu.</p>\r\n<p style="text-align: justify;">Praesent in mauris eu tortor porttitor accumsan. Mauris suscipit, ligula sit amet pharetra semper, nibh ante cursus purus, vel sagittis velit mauris vel metus. Aenean fermentum risus id tortor. Integer imperdiet lectus quis justo. Integer tempor. Vivamus ac urna vel leo pretium faucibus. Mauris elementum mauris vitae tortor. In dapibus augue non sapien. Aliquam ante. Curabitur bibendum justo non orci.</p>\r\n<p style="text-align: justify;">Morbi a metus. Phasellus enim erat, vestibulum vel, aliquam a, posuere eu, velit. Nullam sapien sem, ornare ac, nonummy non, lobortis a, enim. Nunc tincidunt ante vitae massa. Duis ante orci, molestie vitae, vehicula venenatis, tincidunt ac, pede. Nulla accumsan, elit sit amet varius semper, nulla mauris mollis quam, tempor suscipit diam nulla vel leo. Etiam commodo dui eget wisi. Donec iaculis gravida nulla. Donec quis nibh at felis congue commodo. Etiam bibendum elit eget erat.</p>\r\n<p style="text-align: justify;">Lorem ipsum dolor sit amet, consectetuer adipiscing elit. Morbi gravida libero nec velit. Morbi scelerisque luctus velit. Etiam dui sem, fermentum vitae, sagittis id, malesuada in, quam. Proin mattis lacinia justo. Vestibulum facilisis auctor urna. Aliquam in lorem sit amet leo accumsan lacinia. Integer rutrum, orci vestibulum ullamcorper ultricies, lacus quam ultricies odio, vitae placerat pede sem sit amet enim. Phasellus et lorem id felis nonummy placerat. Fusce dui leo, imperdiet in, aliquam sit amet, feugiat eu, orci. Aenean vel massa quis mauris vehicula lacinia. Quisque tincidunt scelerisque libero. Maecenas libero. Etiam dictum tincidunt diam. Donec ipsum massa, ullamcorper in, auctor et, scelerisque sed, est. Suspendisse nisl. Sed convallis magna eu sem. Cras pede libero, dapibus nec, pretium sit amet, tempor quis, urna.</p>\r\n<p style="text-align: justify;">Aenean placerat. In vulputate urna eu arcu. Aliquam erat volutpat. Suspendisse potenti. Morbi mattis felis at nunc. Duis viverra diam non justo. In nisl. Nullam sit amet magna in magna gravida vehicula. Mauris tincidunt sem sed arcu. Nunc posuere. Nullam lectus justo, vulputate eget, mollis sed, tempor sed, magna. Cum sociis natoque penatibus et magnis dis parturient montes, nascetur ridiculus mus. Etiam neque. Curabitur ligula sapien, pulvinar a, vestibulum quis, facilisis vel, sapien. Nullam eget nisl. Donec vitae arcu.</p>\r\n<p style="text-align: justify;">Aenean placerat. In vulputate urna eu arcu. Aliquam erat volutpat. Suspendisse potenti. Morbi mattis felis at nunc. Duis viverra diam non justo. In nisl. Nullam sit amet magna in magna gravida vehicula. Mauris tincidunt sem sed arcu. Nunc posuere. Nullam lectus justo, vulputate eget, mollis sed, tempor sed, magna. Cum sociis natoque penatibus et magnis dis parturient montes, nascetur ridiculus mus. Etiam neque. Curabitur ligula sapien, pulvinar a, vestibulum quis, facilisis vel, sapien. Nullam eget nisl. Donec vitae arcu.</p>\r\n<p style="text-align: justify;">Maecenas ipsum velit, consectetuer eu, lobortis ut, dictum at, dui. In rutrum. Sed ac dolor sit amet purus malesuada congue. In laoreet, magna id viverra tincidunt, sem odio bibendum justo, vel imperdiet sapien wisi sed libero. Suspendisse sagittis ultrices augue. Mauris metus. Nunc dapibus tortor vel mi dapibus sollicitudin. Etiam posuere lacus quis dolor. Praesent id justo in neque elementum ultrices. Class aptent taciti sociosqu ad litora torquent per conubia nostra, per inceptos hymenaeos. In convallis. Fusce suscipit libero eget elit. Praesent vitae arcu tempor neque lacinia pretium. Morbi imperdiet, mauris ac auctor dictum, nisl ligula egestas nulla, et sollicitudin sem purus in lacus.</p>\r\n<p style="text-align: justify;">In sem justo, commodo ut, suscipit at, pharetra vitae, orci. Duis sapien nunc, commodo et, interdum suscipit, sollicitudin et, dolor. Pellentesque habitant morbi tristique senectus et netus et malesuada fames ac turpis egestas. Aliquam id dolor. Class aptent taciti sociosqu ad litora torquent per conubia nostra, per inceptos hymenaeos. Mauris dictum facilisis augue. Fusce tellus. Pellentesque arcu. Maecenas fermentum, sem in pharetra pellentesque, velit turpis volutpat ante, in pharetra metus odio a lectus. Sed elit dui, pellentesque a, faucibus vel, interdum nec, diam. Mauris dolor felis, sagittis at, luctus sed, aliquam non, tellus. Etiam ligula pede, sagittis quis, interdum ultricies, scelerisque eu, urna. Nullam at arcu a est sollicitudin euismod. Praesent dapibus. Duis bibendum, lectus ut viverra rhoncus, dolor nunc faucibus libero, eget facilisis enim ipsum id lacus. Nam sed tellus id magna elementum tincidunt.</p>\r\n<p style="text-align: justify;">Praesent in mauris eu tortor porttitor accumsan. Mauris suscipit, ligula sit amet pharetra semper, nibh ante cursus purus, vel sagittis velit mauris vel metus. Aenean fermentum risus id tortor. Integer imperdiet lectus quis justo. Integer tempor. Vivamus ac urna vel leo pretium faucibus. Mauris elementum mauris vitae tortor. In dapibus augue non sapien. Aliquam ante. Curabitur bibendum justo non orci.</p>\r\n<p style="text-align: justify;">Praesent in mauris eu tortor porttitor accumsan. Mauris suscipit, ligula sit amet pharetra semper, nibh ante cursus purus, vel sagittis velit mauris vel metus. Aenean fermentum risus id tortor. Integer imperdiet lectus quis justo. Integer tempor. Vivamus ac urna vel leo pretium faucibus. Mauris elementum mauris vitae tortor. In dapibus augue non sapien. Aliquam ante. Curabitur bibendum justo non orci.</p>\r\n<p style="text-align: justify;">Morbi leo mi, nonummy eget, tristique non, rhoncus non, leo. Nullam faucibus mi quis velit. Integer in sapien. Fusce tellus odio, dapibus id, fermentum quis, suscipit id, erat. Fusce aliquam vestibulum ipsum. Aliquam erat volutpat. Pellentesque sapien. Cras elementum. Nulla pulvinar eleifend sem. Cum sociis natoque penatibus et magnis dis parturient montes, nascetur ridiculus mus. Quisque porta. Vivamus porttitor turpis ac leo.</p>\r\n<p style="text-align: justify;">Morbi a metus. Phasellus enim erat, vestibulum vel, aliquam a, posuere eu, velit. Nullam sapien sem, ornare ac, nonummy non, lobortis a, enim. Nunc tincidunt ante vitae massa. Duis ante orci, molestie vitae, vehicula venenatis, tincidunt ac, pede. Nulla accumsan, elit sit amet varius semper, nulla mauris mollis quam, tempor suscipit diam nulla vel leo. Etiam commodo dui eget wisi. Donec iaculis gravida nulla. Donec quis nibh at felis congue commodo. Etiam bibendum elit eget erat.</p>\r\n<p style="text-align: justify;">Maecenas ipsum velit, consectetuer eu, lobortis ut, dictum at, dui. In rutrum. Sed ac dolor sit amet purus malesuada congue. In laoreet, magna id viverra tincidunt, sem odio bibendum justo, vel imperdiet sapien wisi sed libero. Suspendisse sagittis ultrices augue. Mauris metus. Nunc dapibus tortor vel mi dapibus sollicitudin. Etiam posuere lacus quis dolor. Praesent id justo in neque elementum ultrices. Class aptent taciti sociosqu ad litora torquent per conubia nostra, per inceptos hymenaeos. In convallis. Fusce suscipit libero eget elit. Praesent vitae arcu tempor neque lacinia pretium. Morbi imperdiet, mauris ac auctor dictum, nisl ligula egestas nulla, et sollicitudin sem purus in lacus.</p>\r\n<p style="text-align: justify;">Praesent in mauris eu tortor porttitor accumsan. Mauris suscipit, ligula sit amet pharetra semper, nibh ante cursus purus, vel sagittis velit mauris vel metus.</p>', 1, 1);
INSERT INTO `posts` (`id_post`, `title`, `p_date`, `content`, `publish`, `user_id`) VALUES
(7, 'Alaska | Guide de voyage Alaska', '2017-06-19 18:27:47', '<p style="text-align: justify;">Lorem ipsum dolor sit amet, consectetuer adipiscing elit. Nullam feugiat, turpis at pulvinar vulputate, erat libero tristique tellus, nec bibendum odio risus sit amet ante. Aliquam erat volutpat. Nunc auctor. Mauris pretium quam et urna. Fusce nibh. Duis risus. Curabitur sagittis hendrerit ante. Aliquam erat volutpat. Vestibulum erat nulla, ullamcorper nec, rutrum non, nonummy ac, erat. Duis condimentum augue id magna semper rutrum. Nullam justo enim, consectetuer nec, ullamcorper ac, vestibulum in, elit. Proin pede metus, vulputate nec, fermentum fringilla, vehicula vitae, justo. Fusce consectetuer risus a nunc. Aliquam ornare wisi eu metus. Integer pellentesque quam vel velit. Duis pulvinar. Maecenas ipsum velit, consectetuer eu, lobortis ut, dictum at, dui. In rutrum. Sed ac dolor sit amet purus malesuada congue. In laoreet, magna id viverra tincidunt, sem odio bibendum justo, vel imperdiet sapien wisi sed libero. Suspendisse sagittis ultrices augue. Mauris metus. Nunc dapibus tortor vel mi dapibus sollicitudin. Etiam posuere lacus quis dolor. Praesent id justo in neque elementum ultrices. Class aptent taciti sociosqu ad litora torquent per conubia nostra, per inceptos hymenaeos. In convallis. Fusce suscipit libero eget elit. Praesent vitae arcu tempor neque lacinia pretium. Morbi imperdiet, mauris ac auctor dictum, nisl ligula egestas nulla, et sollicitudin sem purus in lacus.</p>\r\n<p style="text-align: justify;">Etiam posuere quam ac quam. Maecenas aliquet accumsan leo. Nullam dapibus fermentum ipsum. Etiam quis quam. Integer lacinia. Nulla est. Nulla turpis magna, cursus sit amet, suscipit a, interdum id, felis. Integer vulputate sem a nibh rutrum consequat. Maecenas lorem. Pellentesque pretium lectus id turpis. Etiam sapien elit, consequat eget, tristique non, venenatis quis, ante. Fusce wisi. Phasellus faucibus molestie nisl. Fusce eget urna. Curabitur vitae diam non enim vestibulum interdum. Nulla quis diam. Ut tempus purus at lorem.</p>\r\n<p style="text-align: justify;">Nam quis nulla. Integer malesuada. In in enim a arcu imperdiet malesuada. Sed vel lectus. Donec odio urna, tempus molestie, porttitor ut, iaculis quis, sem. Phasellus rhoncus. Aenean id metus id velit ullamcorper pulvinar. Vestibulum fermentum tortor id mi. Pellentesque ipsum. Nulla non arcu lacinia neque faucibus fringilla. Nulla non lectus sed nisl molestie malesuada. Proin in tellus sit amet nibh dignissim sagittis. Vivamus luctus egestas leo. Maecenas sollicitudin. Nullam rhoncus aliquam metus. Etiam egestas wisi a erat.</p>\r\n<p style="text-align: justify;">Morbi leo mi, nonummy eget, tristique non, rhoncus non, leo. Nullam faucibus mi quis velit. Integer in sapien. Fusce tellus odio, dapibus id, fermentum quis, suscipit id, erat. Fusce aliquam vestibulum ipsum. Aliquam erat volutpat. Pellentesque sapien. Cras elementum. Nulla pulvinar eleifend sem. Cum sociis natoque penatibus et magnis dis parturient montes, nascetur ridiculus mus. Quisque porta. Vivamus porttitor turpis ac leo.</p>\r\n<p style="text-align: justify;">Morbi leo mi, nonummy eget, tristique non, rhoncus non, leo. Nullam faucibus mi quis velit. Integer in sapien. Fusce tellus odio, dapibus id, fermentum quis, suscipit id, erat. Fusce aliquam vestibulum ipsum. Aliquam erat volutpat. Pellentesque sapien. Cras elementum. Nulla pulvinar eleifend sem. Cum sociis natoque penatibus et magnis dis parturient montes, nascetur ridiculus mus. Quisque porta. Vivamus porttitor turpis ac leo.</p>\r\n<p style="text-align: justify;">Morbi leo mi, nonummy eget, tristique non, rhoncus non, leo. Nullam faucibus mi quis velit. Integer in sapien. Fusce tellus odio, dapibus id, fermentum quis, suscipit id, erat. Fusce aliquam vestibulum ipsum. Aliquam erat volutpat. Pellentesque sapien. Cras elementum. Nulla pulvinar eleifend sem. Cum sociis natoque penatibus et magnis dis parturient montes, nascetur ridiculus mus. Quisque porta. Vivamus porttitor turpis ac leo.</p>\r\n<p style="text-align: justify;">Praesent in mauris eu tortor porttitor accumsan. Mauris suscipit, ligula sit amet pharetra semper, nibh ante cursus purus, vel sagittis velit mauris vel metus. Aenean fermentum risus id tortor. Integer imperdiet lectus quis justo. Integer tempor. Vivamus ac urna vel leo pretium faucibus. Mauris elementum mauris vitae tortor. In dapibus augue non sapien. Aliquam ante. Curabitur bibendum justo non orci.</p>\r\n<p style="text-align: justify;">Etiam posuere quam ac quam. Maecenas aliquet accumsan leo. Nullam dapibus fermentum ipsum. Etiam quis quam. Integer lacinia. Nulla est. Nulla turpis magna, cursus sit amet, suscipit a, interdum id, felis. Integer vulputate sem a nibh rutrum consequat. Maecenas lorem. Pellentesque pretium lectus id turpis. Etiam sapien elit, consequat eget, tristique non, venenatis quis, ante. Fusce wisi. Phasellus faucibus molestie nisl. Fusce eget urna. Curabitur vitae diam non enim vestibulum interdum. Nulla quis diam. Ut tempus purus at lorem.</p>\r\n<p style="text-align: justify;">Morbi a metus. Phasellus enim erat, vestibulum vel, aliquam a, posuere eu, velit. Nullam sapien sem, ornare ac, nonummy non, lobortis a, enim. Nunc tincidunt ante vitae massa. Duis ante orci, molestie vitae, vehicula venenatis, tincidunt ac, pede. Nulla accumsan, elit sit amet varius semper, nulla mauris mollis quam, tempor suscipit diam nulla vel leo. Etiam commodo dui eget wisi. Donec iaculis gravida nulla. Donec quis nibh at felis congue commodo. Etiam bibendum elit eget erat.</p>\r\n<p style="text-align: justify;">Etiam posuere quam ac quam. Maecenas aliquet accumsan leo. Nullam dapibus fermentum ipsum. Etiam quis quam. Integer lacinia. Nulla est. Nulla turpis magna, cursus sit amet, suscipit a, interdum id, felis. Integer vulputate sem a nibh rutrum consequat. Maecenas lorem. Pellentesque pretium lectus id turpis. Etiam sapien elit, consequat eget, tristique non, venenatis quis, ante. Fusce wisi. Phasellus faucibus molestie nisl. Fusce eget urna. Curabitur vitae diam non enim vestibulum interdum. Nulla quis diam. Ut tempus purus at lorem.</p>\r\n<p style="text-align: justify;">In sem justo, commodo ut, suscipit at, pharetra vitae, orci. Duis sapien nunc, commodo et, interdum suscipit, sollicitudin et, dolor. Pellentesque habitant morbi tristique senectus et netus et malesuada fames ac turpis egestas. Aliquam id dolor. Class aptent taciti sociosqu ad litora torquent per conubia nostra, per inceptos hymenaeos. Mauris dictum facilisis augue. Fusce tellus. Pellentesque arcu. Maecenas fermentum, sem in pharetra pellentesque, velit turpis volutpat ante, in pharetra metus odio a lectus. Sed elit dui, pellentesque a, faucibus vel, interdum nec, diam. Mauris dolor felis, sagittis at, luctus sed, aliquam non, tellus. Etiam ligula pede, sagittis quis, interdum ultricies, scelerisque eu, urna. Nullam at arcu a est sollicitudin euismod. Praesent dapibus. Duis bibendum, lectus ut viverra rhoncus, dolor nunc faucibus libero, eget facilisis enim ipsum id lacus. Nam sed tellus id magna elementum tincidunt.</p>\r\n<p style="text-align: justify;">Maecenas ipsum velit, consectetuer eu, lobortis ut, dictum at, dui. In rutrum. Sed ac dolor sit amet purus malesuada congue. In laoreet, magna id viverra tincidunt, sem odio bibendum justo, vel imperdiet sapien wisi sed libero. Suspendisse sagittis ultrices augue. Mauris metus. Nunc dapibus tortor vel mi dapibus sollicitudin. Etiam posuere lacus quis dolor. Praesent id justo in neque elementum ultrices. Class aptent taciti sociosqu ad litora torquent per conubia nostra, per inceptos hymenaeos. In convallis. Fusce suscipit libero eget elit. Praesent vitae arcu tempor neque lacinia pretium. Morbi imperdiet, mauris ac auctor dictum, nisl ligula egestas nulla, et sollicitudin sem purus in lacus.</p>\r\n<p style="text-align: justify;">In sem justo, commodo ut, suscipit at, pharetra vitae, orci. Duis sapien nunc, commodo et, interdum suscipit, sollicitudin et, dolor. Pellentesque habitant morbi tristique senectus et netus et malesuada fames ac turpis egestas. Aliquam id dolor. Class aptent taciti sociosqu ad litora torquent per conubia nostra, per inceptos hymenaeos. Mauris dictum facilisis augue. Fusce tellus. Pellentesque arcu. Maecenas fermentum, sem in pharetra pellentesque, velit turpis volutpat ante, in pharetra metus odio a lectus. Sed elit dui, pellentesque a, faucibus vel, interdum nec, diam. Mauris dolor felis, sagittis at, luctus sed, aliquam non, tellus. Etiam ligula pede, sagittis quis, interdum ultricies, scelerisque eu, urna. Nullam at arcu a est sollicitudin euismod. Praesent dapibus. Duis bibendum, lectus ut viverra rhoncus, dolor nunc faucibus libero, eget facilisis enim ipsum id lacus. Nam sed tellus id magna elementum tincidunt.</p>\r\n<p style="text-align: justify;">Praesent in mauris eu tortor porttitor accumsan. Mauris suscipit, ligula sit amet pharetra semper, nibh ante cursus purus, vel sagittis velit mauris vel metus. Aenean fermentum risus id tortor. Integer imperdiet lectus quis justo. Integer tempor. Vivamus ac urna vel leo pretium faucibus. Mauris elementum mauris vitae tortor. In dapibus augue non sapien. Aliquam ante. Curabitur bibendum justo non orci.</p>\r\n<p style="text-align: justify;">Nam quis nulla. Integer malesuada. In in enim a arcu imperdiet malesuada. Sed vel lectus. Donec odio urna, tempus molestie, porttitor ut, iaculis quis, sem. Phasellus rhoncus. Aenean id metus id velit ullamcorper pulvinar. Vestibulum fermentum tortor id mi. Pellentesque ipsum. Nulla non arcu lacinia neque faucibus fringilla. Nulla non lectus sed nisl molestie malesuada. Proin in tellus sit amet nibh dignissim sagittis. Vivamus luctus egestas leo. Maecenas sollicitudin. Nullam rhoncus aliquam metus. Etiam egestas wisi a erat.</p>\r\n<p style="text-align: justify;">Etiam posuere quam ac quam. Maecenas aliquet accumsan leo. Nullam dapibus fermentum ipsum. Etiam quis quam. Integer lacinia. Nulla est. Nulla turpis magna, cursus sit amet, suscipit a, interdum id, felis. Integer vulputate sem a nibh rutrum consequat. Maecenas lorem. Pellentesque pretium lectus id turpis. Etiam sapien elit, consequat eget, tristique non, venenatis quis, ante. Fusce wisi. Phasellus faucibus molestie nisl. Fusce eget urna. Curabitur vitae diam non enim vestibulum interdum. Nulla quis diam. Ut tempus purus at lorem.</p>\r\n<p style="text-align: justify;">Morbi a metus. Phasellus enim erat, vestibulum vel, aliquam a, posuere eu, velit. Nullam sapien sem, ornare ac, nonummy non, lobortis a, enim. Nunc tincidunt ante vitae massa. Duis ante orci, molestie vitae, vehicula venenatis, tincidunt ac, pede. Nulla accumsan, elit sit amet varius semper, nulla mauris mollis quam, tempor suscipit diam nulla vel leo. Etiam commodo dui eget wisi. Donec iaculis gravida nulla. Donec quis nibh at</p>', 0, 1),
(8, 'Alaska terre sauvage', '2017-06-19 18:31:35', '<p style="text-align: justify;"><span style="text-decoration: underline;"><em><strong>Lorem ipsum dolor</strong></em></span> sit amet, consectetuer adipiscing elit. Nullam feugiat, turpis at pulvinar vulputate, erat libero tristique tellus, nec bibendum odio risus sit amet ante. Aliquam erat volutpat. Nunc auctor. Mauris pretium quam et urna. Fusce nibh. Duis risus. Curabitur sagittis hendrerit ante. Aliquam erat volutpat. Vestibulum erat nulla, ullamcorper nec, rutrum non, nonummy ac, erat. Duis condimentum augue id magna semper rutrum. Nullam justo enim, consectetuer nec, ullamcorper ac, vestibulum in, elit. Proin pede metus, vulputate nec, fermentum fringilla, vehicula vitae, justo. Fusce consectetuer risus a nunc. Aliquam ornare wisi eu metus. Integer pellentesque quam vel velit. Duis pulvinar. Maecenas ipsum velit, consectetuer eu, lobortis ut, dictum at, dui. In rutrum. Sed ac dolor sit amet purus malesuada congue. In laoreet, magna id viverra tincidunt, sem odio bibendum justo, vel imperdiet sapien wisi sed libero. Suspendisse sagittis ultrices augue. Mauris metus. Nunc dapibus tortor vel mi dapibus sollicitudin. Etiam posuere lacus quis dolor. Praesent id justo in neque elementum ultrices. Class aptent taciti sociosqu ad litora torquent per conubia nostra, per inceptos hymenaeos. In convallis. Fusce suscipit libero eget elit. Praesent vitae arcu tempor neque lacinia pretium. Morbi imperdiet, mauris ac auctor dictum, nisl ligula egestas nulla, et sollicitudin sem purus in lacus.</p>\r\n<p style="text-align: justify;">Etiam posuere quam ac quam. Maecenas aliquet accumsan leo. Nullam dapibus fermentum ipsum. Etiam quis quam. Integer lacinia. Nulla est. Nulla turpis magna, cursus sit amet, suscipit a, interdum id, felis. Integer vulputate sem a nibh rutrum consequat. Maecenas lorem. Pellentesque pretium lectus id turpis. Etiam sapien elit, consequat eget, tristique non, venenatis quis, ante. Fusce wisi. Phasellus faucibus molestie nisl. Fusce eget urna. Curabitur vitae diam non enim vestibulum interdum. Nulla quis diam. Ut tempus purus at lorem.</p>\r\n<p style="text-align: justify;">Nam quis nulla. Integer malesuada. In in enim a arcu imperdiet malesuada. Sed vel lectus. Donec odio urna, tempus molestie, porttitor ut, iaculis quis, sem. Phasellus rhoncus. Aenean id metus id velit ullamcorper pulvinar. Vestibulum fermentum tortor id mi. Pellentesque ipsum. Nulla non arcu lacinia neque faucibus fringilla. Nulla non lectus sed nisl molestie malesuada. Proin in tellus sit amet nibh dignissim sagittis. Vivamus luctus egestas leo. Maecenas sollicitudin. Nullam rhoncus aliquam metus. Etiam egestas wisi a erat.</p>\r\n<p style="text-align: justify;">Morbi leo mi, nonummy eget, tristique non, rhoncus non, leo. Nullam faucibus mi quis velit. Integer in sapien. Fusce tellus odio, dapibus id, fermentum quis, suscipit id, erat. Fusce aliquam vestibulum ipsum. Aliquam erat volutpat. Pellentesque sapien. Cras elementum. Nulla pulvinar eleifend sem. Cum sociis natoque penatibus et magnis dis parturient montes, nascetur ridiculus mus. Quisque porta. Vivamus porttitor turpis ac leo.</p>\r\n<p style="text-align: justify;">Morbi leo mi, nonummy eget, tristique non, rhoncus non, leo. Nullam faucibus mi quis velit. Integer in sapien. Fusce tellus odio, dapibus id, fermentum quis, suscipit id, erat. Fusce aliquam vestibulum ipsum. Aliquam erat volutpat. Pellentesque sapien. Cras elementum. Nulla pulvinar eleifend sem. Cum sociis natoque penatibus et magnis dis parturient montes, nascetur ridiculus mus. Quisque porta. Vivamus porttitor turpis ac leo.</p>\r\n<p style="text-align: justify;">Morbi leo mi, nonummy eget, tristique non, rhoncus non, leo. Nullam faucibus mi quis velit. Integer in sapien. Fusce tellus odio, dapibus id, fermentum quis, suscipit id, erat. Fusce aliquam vestibulum ipsum. Aliquam erat volutpat. Pellentesque sapien. Cras elementum. Nulla pulvinar eleifend sem. Cum sociis natoque penatibus et magnis dis parturient montes, nascetur ridiculus mus. Quisque porta. Vivamus porttitor turpis ac leo.</p>\r\n<p style="text-align: justify;">Praesent in mauris eu tortor porttitor accumsan. Mauris suscipit, ligula sit amet pharetra semper, nibh ante cursus purus, vel sagittis velit mauris vel metus. Aenean fermentum risus id tortor. Integer imperdiet lectus quis justo. Integer tempor. Vivamus ac urna vel leo pretium faucibus. Mauris elementum mauris vitae tortor. In dapibus augue non sapien. Aliquam ante. Curabitur bibendum justo non orci.</p>\r\n<p style="text-align: justify;">Etiam posuere quam ac quam. Maecenas aliquet accumsan leo. Nullam dapibus fermentum ipsum. Etiam quis quam. Integer lacinia. Nulla est. Nulla turpis magna, cursus sit amet, suscipit a, interdum id, felis. Integer vulputate sem a nibh rutrum consequat. Maecenas lorem. Pellentesque pretium lectus id turpis. Etiam sapien elit, consequat eget, tristique non, venenatis quis, ante. Fusce wisi. Phasellus faucibus molestie nisl. Fusce eget urna. Curabitur vitae diam non enim vestibulum interdum. Nulla quis diam. Ut tempus purus at lorem.</p>\r\n<p style="text-align: justify;">Morbi a metus. Phasellus enim erat, vestibulum vel, aliquam a, posuere eu, velit. Nullam sapien sem, ornare ac, nonummy non, lobortis a, enim. Nunc tincidunt ante vitae massa. Duis ante orci, molestie vitae, vehicula venenatis, tincidunt ac, pede. Nulla accumsan, elit sit amet varius semper, nulla mauris mollis quam, tempor suscipit diam nulla vel leo. Etiam commodo dui eget wisi. Donec iaculis gravida nulla. Donec quis nibh at felis congue commodo. Etiam bibendum elit eget erat.</p>\r\n<p style="text-align: justify;">Etiam posuere quam ac quam. Maecenas aliquet accumsan leo. Nullam dapibus fermentum ipsum. Etiam quis quam. Integer lacinia. Nulla est. Nulla turpis magna, cursus sit amet, suscipit a, interdum id, felis. Integer vulputate sem a nibh rutrum consequat. Maecenas lorem. Pellentesque pretium lectus id turpis. Etiam sapien elit, consequat eget, tristique non, venenatis quis, ante. Fusce wisi. Phasellus faucibus molestie nisl. Fusce eget urna. Curabitur vitae diam non enim vestibulum interdum. Nulla quis diam. Ut tempus purus at lorem.</p>\r\n<p style="text-align: justify;">In sem justo, commodo ut, suscipit at, pharetra vitae, orci. Duis sapien nunc, commodo et, interdum suscipit, sollicitudin et, dolor. Pellentesque habitant morbi tristique senectus et netus et malesuada fames ac turpis egestas. Aliquam id dolor. Class aptent taciti sociosqu ad litora torquent per conubia nostra, per inceptos hymenaeos. Mauris dictum facilisis augue. Fusce tellus. Pellentesque arcu. Maecenas fermentum, sem in pharetra pellentesque, velit turpis volutpat ante, in pharetra metus odio a lectus. Sed elit dui, pellentesque a, faucibus vel, interdum nec, diam. Mauris dolor felis, sagittis at, luctus sed, aliquam non, tellus. Etiam ligula pede, sagittis quis, interdum ultricies, scelerisque eu, urna. Nullam at arcu a est sollicitudin euismod. Praesent dapibus. Duis bibendum, lectus ut viverra rhoncus, dolor nunc faucibus libero, eget facilisis enim ipsum id lacus. Nam sed tellus id magna elementum tincidunt.</p>\r\n<p style="text-align: justify;">Maecenas ipsum velit, consectetuer eu, lobortis ut, dictum at, dui. In rutrum. Sed ac dolor sit amet purus malesuada congue. In laoreet, magna id viverra tincidunt, sem odio bibendum justo, vel imperdiet sapien wisi sed libero. Suspendisse sagittis ultrices augue. Mauris metus. Nunc dapibus tortor vel mi dapibus sollicitudin. Etiam posuere lacus quis dolor. Praesent id justo in neque elementum ultrices. Class aptent taciti sociosqu ad litora torquent per conubia nostra, per inceptos hymenaeos. In convallis. Fusce suscipit libero eget elit. Praesent vitae arcu tempor neque lacinia pretium. Morbi imperdiet, mauris ac auctor dictum, nisl ligula egestas nulla, et sollicitudin sem purus in lacus.</p>\r\n<p style="text-align: justify;">In sem justo, commodo ut, suscipit at, pharetra vitae, orci. Duis sapien nunc, commodo et, interdum suscipit, sollicitudin et, dolor. Pellentesque habitant morbi tristique senectus et netus et malesuada fames ac turpis egestas. Aliquam id dolor. Class aptent taciti sociosqu ad litora torquent per conubia nostra, per inceptos hymenaeos. Mauris dictum facilisis augue. Fusce tellus. Pellentesque arcu. Maecenas fermentum, sem in pharetra pellentesque, velit turpis volutpat ante, in pharetra metus odio a lectus. Sed elit dui, pellentesque a, faucibus vel, interdum nec, diam. Mauris dolor felis, sagittis at, luctus sed, aliquam non, tellus. Etiam ligula pede, sagittis quis, interdum ultricies, scelerisque eu, urna. Nullam at arcu a est sollicitudin euismod. Praesent dapibus. Duis bibendum, lectus ut viverra rhoncus, dolor nunc faucibus libero, eget facilisis enim ipsum id lacus. Nam sed tellus id magna elementum tincidunt.</p>\r\n<p style="text-align: justify;">Praesent in mauris eu tortor porttitor accumsan. Mauris suscipit, ligula sit amet pharetra semper, nibh ante cursus purus, vel sagittis velit mauris vel metus. Aenean fermentum risus id tortor. Integer imperdiet lectus quis justo. Integer tempor. Vivamus ac urna vel leo pretium faucibus. Mauris elementum mauris vitae tortor. In dapibus augue non sapien. Aliquam ante. Curabitur bibendum justo non orci.</p>\r\n<p style="text-align: justify;">Nam quis nulla. Integer malesuada. In in enim a arcu imperdiet malesuada. Sed vel lectus. Donec odio urna, tempus molestie, porttitor ut, iaculis quis, sem. Phasellus rhoncus. Aenean id metus id velit ullamcorper pulvinar. Vestibulum fermentum tortor id mi. Pellentesque ipsum. Nulla non arcu lacinia neque faucibus fringilla. Nulla non lectus sed nisl molestie malesuada. Proin in tellus sit amet nibh dignissim sagittis. Vivamus luctus egestas leo. Maecenas sollicitudin. Nullam rhoncus aliquam metus. Etiam egestas wisi a erat.</p>\r\n<p style="text-align: justify;">Etiam posuere quam ac quam. Maecenas aliquet accumsan leo. Nullam dapibus fermentum ipsum. Etiam quis quam. Integer lacinia. Nulla est. Nulla turpis magna, cursus sit amet, suscipit a, interdum id, felis. Integer vulputate sem a nibh rutrum consequat. Maecenas lorem. Pellentesque pretium lectus id turpis. Etiam sapien elit, consequat eget, tristique non, venenatis quis, ante. Fusce wisi. Phasellus faucibus molestie nisl. Fusce eget urna. Curabitur vitae diam non enim vestibulum interdum. Nulla quis diam. Ut tempus purus at lorem.</p>\r\n<p style="text-align: justify;">Morbi a metus. Phasellus enim erat, vestibulum vel, aliquam a, posuere eu, velit. Nullam sapien sem, ornare ac, nonummy non, lobortis a, enim. Nunc tincidunt ante vitae massa. Duis ante orci, molestie vitae, vehicula venenatis, tincidunt ac, pede. Nulla accumsan, elit sit amet varius semper, nulla mauris mollis quam, tempor suscipit diam nulla vel leo. Etiam commodo dui eget wisi. Donec iaculis gravida nulla. Donec quis nibh at.</p>', 0, 1),
(9, 'Lorem ipsum in french', '2017-06-20 13:30:26', '<p>J&rsquo;en dis autant de ceux qui, par mollesse d&rsquo;esprit, c&rsquo;est-&agrave;-dire par la crainte de la peine et de la douleur, manquent aux devoirs de la vie. Et il est tr&egrave;s facile de rendre raison de ce que j&rsquo;avance. Car, lorsque nous sommes tout &agrave; fait libres, et que rien ne nous emp&ecirc;che de faire ce qui peut nous donner le plus de plaisir, nous pouvons nous livrer enti&egrave;rement &agrave; la volupt&eacute; et chasser toute sorte de douleur ; mais, dans les temps destin&eacute;s aux devoirs de la soci&eacute;t&eacute; ou &agrave; la n&eacute;cessit&eacute; des affaires, souvent il faut faire divorce avec la volupt&eacute;, et ne se point refuser &agrave; la peine. La r&egrave;gle que suit en cela un homme sage, c&rsquo;est de renoncer &agrave; de l&eacute;g&egrave;res volupt&eacute;s pour en avoir de plus grandes, et de savoir supporter des douleurs l&eacute;g&egrave;res pour en &eacute;viter de plus f&acirc;cheuses.</p>', 0, 17);

-- --------------------------------------------------------

--
-- Table structure for table `users`
--

CREATE TABLE IF NOT EXISTS `users` (
`id_user` int(11) NOT NULL,
  `email` varchar(255) DEFAULT NULL,
  `login` varchar(255) DEFAULT NULL,
  `password` varchar(255) DEFAULT NULL,
  `salt` varchar(23) DEFAULT NULL,
  `role` varchar(50) DEFAULT 'ROLE_USER'
) ENGINE=InnoDB AUTO_INCREMENT=22 DEFAULT CHARSET=utf8;

--
-- Dumping data for table `users`
--

INSERT INTO `users` (`id_user`, `email`, `login`, `password`, `salt`, `role`) VALUES
(1, 'nasreddine.be@hotmail.fr', 'admin', '$2y$13$A8MQM2ZNOi99EW.ML7srhOJsCaybSbexAj/0yXrJs4gQ/2BqMMW2K', 'EDDsl&fBCJB|a5XUtAlnQN8', 'ROLE_ADMIN'),
(16, 'nasreddine@hotmai.fr', 'nasreddine', '$2y$13$bU7EpDdWVr.a25.527K7N.L0ukG9MoZFpNnzg3cy77RJK.e5pE3vG', 'bee68f813a5e8bba91b2aee', 'ROLE_ADMIN'),
(17, 'jean.forteroche@gmail.com', 'jeanFo', '$2y$13$cNY.39qlvbL0wbGpsKtaCOhQgw0nr8hMUQGIeEBStwVh3WBRtpZH2', 'e6ad5368a0cf4461bb2b9f1', 'ROLE_AUTHOR'),
(18, 'anna.forteroche@gmail.com', 'annaFo', '$2y$13$zgVRl.SXvCK05/6VklLI6e2auz3eyC3iXgMl/KxJNdIRplZleAryi', '115a97844d65df64e0c9f85', 'ROLE_MODERATOR'),
(19, 'adam-duboi@gmail.com', 'adam', '$2y$13$cmSHD/XtuYxIpcQgKMfJeug1NJ4QYrn9It3lnMLSK9Dk3t21Xrm3e', '61810c186449cf8df98fdc5', 'ROLE_USER'),
(21, 'abel12@gmail.com', 'abel12', '$2y$13$HEtsqRiykz08QJochNCGzejtsMxzKPc6XdcY5BzRJdxSMm5XyocvS', '464d8959822392f81f8f9f8', 'ROLE_USER');

--
-- Indexes for dumped tables
--

--
-- Indexes for table `comments`
--
ALTER TABLE `comments`
 ADD PRIMARY KEY (`id_comment`), ADD KEY `fk_com_post` (`post_id`), ADD KEY `fk_com_usr` (`user_id`), ADD KEY `read` (`read_comment`);

--
-- Indexes for table `medias`
--
ALTER TABLE `medias`
 ADD PRIMARY KEY (`id_media`);

--
-- Indexes for table `posts`
--
ALTER TABLE `posts`
 ADD PRIMARY KEY (`id_post`);

--
-- Indexes for table `users`
--
ALTER TABLE `users`
 ADD PRIMARY KEY (`id_user`);

--
-- AUTO_INCREMENT for dumped tables
--

--
-- AUTO_INCREMENT for table `comments`
--
ALTER TABLE `comments`
MODIFY `id_comment` int(11) NOT NULL AUTO_INCREMENT,AUTO_INCREMENT=32;
--
-- AUTO_INCREMENT for table `medias`
--
ALTER TABLE `medias`
MODIFY `id_media` int(11) NOT NULL AUTO_INCREMENT COMMENT '\n',AUTO_INCREMENT=10;
--
-- AUTO_INCREMENT for table `posts`
--
ALTER TABLE `posts`
MODIFY `id_post` int(11) NOT NULL AUTO_INCREMENT,AUTO_INCREMENT=10;
--
-- AUTO_INCREMENT for table `users`
--
ALTER TABLE `users`
MODIFY `id_user` int(11) NOT NULL AUTO_INCREMENT,AUTO_INCREMENT=22;
--
-- Constraints for dumped tables
--

--
-- Constraints for table `comments`
--
ALTER TABLE `comments`
ADD CONSTRAINT `fk_com_post` FOREIGN KEY (`post_id`) REFERENCES `posts` (`id_post`),
ADD CONSTRAINT `fk_com_usr` FOREIGN KEY (`user_id`) REFERENCES `users` (`id_user`);

/*!40101 SET CHARACTER_SET_CLIENT=@OLD_CHARACTER_SET_CLIENT */;
/*!40101 SET CHARACTER_SET_RESULTS=@OLD_CHARACTER_SET_RESULTS */;
/*!40101 SET COLLATION_CONNECTION=@OLD_COLLATION_CONNECTION */;
