-- phpMyAdmin SQL Dump
-- version 4.2.12deb2+deb8u2
-- http://www.phpmyadmin.net
--
-- Host: localhost:80
-- Generation Time: Jun 16, 2017 at 11:13 PM
-- Server version: 5.5.55-0+deb8u1
-- PHP Version: 5.6.30-0+deb8u1

SET SQL_MODE = "NO_AUTO_VALUE_ON_ZERO";
SET time_zone = "+00:00";


/*!40101 SET @OLD_CHARACTER_SET_CLIENT=@@CHARACTER_SET_CLIENT */;
/*!40101 SET @OLD_CHARACTER_SET_RESULTS=@@CHARACTER_SET_RESULTS */;
/*!40101 SET @OLD_COLLATION_CONNECTION=@@COLLATION_CONNECTION */;
/*!40101 SET NAMES utf8 */;

--
-- Database: `blog_ecrivain`
--

-- --------------------------------------------------------

--
-- Table structure for table `comments`
--

CREATE TABLE IF NOT EXISTS `comments` (
`id_comment` int(11) NOT NULL,
  `date_comment` timestamp NULL DEFAULT CURRENT_TIMESTAMP,
  `content` text,
  `report` tinyint(1) DEFAULT '0',
  `read_comment` tinyint(1) NOT NULL DEFAULT '0',
  `parent_id` int(11) NOT NULL DEFAULT '0',
  `depth` int(11) NOT NULL DEFAULT '0',
  `post_id` int(11) DEFAULT NULL,
  `user_id` int(11) DEFAULT NULL
) ENGINE=InnoDB AUTO_INCREMENT=40 DEFAULT CHARSET=utf8;

--
-- Dumping data for table `comments`
--

INSERT INTO `comments` (`id_comment`, `date_comment`, `content`, `report`, `read_comment`, `parent_id`, `depth`, `post_id`, `user_id`) VALUES
(1, '2017-06-10 14:54:31', 'Hello World', 0, 1, 0, 0, 6, 1),
(2, '2017-06-10 14:54:58', 'Hello admin', 0, 1, 0, 0, 6, 1),
(4, '2017-06-10 19:11:14', 'jolie photo', 1, 1, 0, 0, 5, 12),
(9, '2017-06-12 17:59:36', 'poupé russe', 1, 1, 0, 0, 5, 2),
(19, '2017-06-13 02:21:44', 'commentaire parent', 0, 1, 0, 0, 5, 2),
(20, '2017-06-13 02:24:33', 'La reponse du commentaire parent', 1, 1, 19, 0, 5, 2),
(21, '2017-06-13 02:25:23', 'Une réponse de la réponce du commentaire parent', 1, 1, 20, 2, 5, 2),
(23, '2017-06-13 14:12:52', 'Salut, ceci est un commentaire parent', 1, 1, 0, 0, 4, 2),
(24, '2017-06-13 14:13:27', 'et ceci est un commentaire enfant', 1, 1, 0, 0, 4, 2),
(25, '2017-06-13 14:13:45', 'et ceci est un commentaire enfant', 1, 1, 23, 0, 4, 2),
(26, '2017-06-13 14:14:22', 'et ceci est un sous sous commentaire.', 0, 1, 25, 0, 4, 2),
(27, '2017-06-13 14:15:39', 'et ceci est un sous commentaire à suprimer', 0, 1, 24, 0, 4, 2),
(28, '2017-06-13 14:16:11', 'et ceci est un sous sou commentaire à suprimer avec son comentaire parent', 0, 1, 27, 0, 4, 2),
(34, '2017-06-15 17:28:27', 'reponce', 1, 1, 4, 1, 5, 10),
(35, '2017-06-15 17:29:22', 'encore une reponce', 1, 1, 34, 2, 5, 10),
(36, '2017-06-15 17:31:45', 'une deuxieme repons', 1, 1, 9, 1, 5, 10),
(37, '2017-06-15 17:32:18', 'une troisieme reponce', 0, 1, 36, 2, 5, 10),
(38, '2017-06-15 17:36:10', 'encore une sous reponse', 1, 1, 34, 2, 5, 10),
(39, '2017-06-15 18:38:22', 'un troisieme sous niveau', 1, 1, 37, 3, 5, 10);

-- --------------------------------------------------------

--
-- Table structure for table `medias`
--

CREATE TABLE IF NOT EXISTS `medias` (
`id_media` int(11) NOT NULL COMMENT '\n',
  `file_name` varchar(255) DEFAULT NULL,
  `url_file` varchar(255) DEFAULT '/img/',
  `post_id` int(11) DEFAULT NULL
) ENGINE=InnoDB AUTO_INCREMENT=12 DEFAULT CHARSET=utf8;

--
-- Dumping data for table `medias`
--

INSERT INTO `medias` (`id_media`, `file_name`, `url_file`, `post_id`) VALUES
(1, 'background1.jpg', '/img/PostsMedia', 1),
(2, 'background2.jpg', '/img/PostsMedia', 2),
(3, 'background3.jpg', '/img/PostsMedia', 3),
(4, 'background4.jpg', '/img/PostsMedia', 4),
(5, 'background5.jpg', '/img/PostsMedia', 5),
(6, 'background6.jpg', '/img/PostsMedia', 6),
(7, 'background7.jpg', '/img/PostsMedia', 7),
(11, 'background11.jpg', '/img/PostsMedia', 11);

-- --------------------------------------------------------

--
-- Table structure for table `posts`
--

CREATE TABLE IF NOT EXISTS `posts` (
`id_post` int(11) NOT NULL,
  `title` varchar(500) DEFAULT NULL,
  `p_date` timestamp NULL DEFAULT CURRENT_TIMESTAMP,
  `content` text,
  `publish` tinyint(1) DEFAULT '0',
  `user_id` int(11) DEFAULT NULL
) ENGINE=InnoDB AUTO_INCREMENT=12 DEFAULT CHARSET=utf8;

--
-- Dumping data for table `posts`
--

INSERT INTO `posts` (`id_post`, `title`, `p_date`, `content`, `publish`, `user_id`) VALUES
(1, 'Lorem Ipsum 360°, présentation.', '2017-06-10 14:08:17', '<p style="text-align: justify;">Lorem ipsum dolor sit amet, consectetuer adipiscing elit. Nullam feugiat, turpis at pulvinar vulputate, erat libero tristique tellus, nec bibendum odio risus sit amet ante. Aliquam erat volutpat. Nunc auctor. Mauris pretium quam et urna. Fusce nibh. Duis risus. Curabitur sagittis hendrerit ante. Aliquam erat volutpat. Vestibulum erat nulla, ullamcorper nec, rutrum non, nonummy ac, erat. Duis condimentum augue id magna semper rutrum. Nullam justo enim, consectetuer nec, ullamcorper ac, vestibulum in, elit. Proin pede metus, vulputate nec, fermentum fringilla, vehicula vitae, justo. Fusce consectetuer risus a nunc. Aliquam ornare wisi eu metus. Integer pellentesque quam vel velit. Duis pulvinar. Morbi a metus. Phasellus enim erat, vestibulum vel, aliquam a, posuere eu, velit. Nullam sapien sem, ornare ac, nonummy non, lobortis a, enim. Nunc tincidunt ante vitae massa. Duis ante orci, molestie vitae, vehicula venenatis, tincidunt ac, pede. Nulla accumsan, elit sit amet varius semper, nulla mauris mollis quam, tempor suscipit diam nulla vel leo. Etiam commodo dui eget wisi. Donec iaculis gravida nulla. Donec quis nibh at felis congue commodo. Etiam bibendum elit eget erat.</p>\r\n<p style="text-align: justify;">Etiam posuere quam ac quam. Maecenas aliquet accumsan leo. Nullam dapibus fermentum ipsum. Etiam quis quam. Integer lacinia. Nulla est. Nulla turpis magna, cursus sit amet, suscipit a, interdum id, felis. Integer vulputate sem a nibh rutrum consequat. Maecenas lorem. Pellentesque pretium lectus id turpis. Etiam sapien elit, consequat eget, tristique non, venenatis quis, ante. Fusce wisi. Phasellus faucibus molestie nisl. Fusce eget urna. Curabitur vitae diam non enim vestibulum interdum. Nulla quis diam. Ut tempus purus at lorem.</p>\r\n<p style="text-align: justify;">Etiam posuere quam ac quam. Maecenas aliquet accumsan leo. Nullam dapibus fermentum ipsum. Etiam quis quam. Integer lacinia. Nulla est. Nulla turpis magna, cursus sit amet, suscipit a, interdum id, felis. Integer vulputate sem a nibh rutrum consequat. Maecenas lorem. Pellentesque pretium lectus id turpis. Etiam sapien elit, consequat eget, tristique non, venenatis quis, ante. Fusce wisi. Phasellus faucibus molestie nisl. Fusce eget urna. Curabitur vitae diam non enim vestibulum interdum. Nulla quis diam. Ut tempus purus at lorem.</p>\r\n<p style="text-align: justify;">Morbi a metus. Phasellus enim erat, vestibulum vel, aliquam a, posuere eu, velit. Nullam sapien sem, ornare ac, nonummy non, lobortis a, enim. Nunc tincidunt ante vitae massa. Duis ante orci, molestie vitae, vehicula venenatis, tincidunt ac, pede. Nulla accumsan, elit sit amet varius semper, nulla mauris mollis quam, tempor suscipit diam nulla vel leo. Etiam commodo dui eget wisi. Donec iaculis gravida nulla. Donec quis nibh at felis congue commodo. Etiam bibendum elit eget erat.</p>\r\n<p style="text-align: justify;">In sem justo, commodo ut, suscipit at, pharetra vitae, orci. Duis sapien nunc, commodo et, interdum suscipit, sollicitudin et, dolor. Pellentesque habitant morbi tristique senectus et netus et malesuada fames ac turpis egestas. Aliquam id dolor. Class aptent taciti sociosqu ad litora torquent per conubia nostra, per inceptos hymenaeos. Mauris dictum facilisis augue. Fusce tellus. Pellentesque arcu. Maecenas fermentum, sem in pharetra pellentesque, velit turpis volutpat ante, in pharetra metus odio a lectus. Sed elit dui, pellentesque a, faucibus vel, interdum nec, diam. Mauris dolor felis, sagittis at, luctus sed, aliquam non, tellus. Etiam ligula pede, sagittis quis, interdum ultricies, scelerisque eu, urna. Nullam at arcu a est sollicitudin euismod. Praesent dapibus. Duis bibendum, lectus ut viverra rhoncus, dolor nunc faucibus libero, eget facilisis enim ipsum id lacus. Nam sed tellus id magna elementum tincidunt.</p>\r\n<p style="text-align: justify;">Praesent in mauris eu tortor porttitor accumsan. Mauris suscipit, ligula sit amet pharetra semper, nibh ante cursus purus, vel sagittis velit mauris vel metus. Aenean fermentum risus id tortor. Integer imperdiet lectus quis justo. Integer tempor. Vivamus ac urna vel leo pretium faucibus. Mauris elementum mauris vitae tortor. In dapibus augue non sapien. Aliquam ante. Curabitur bibendum justo non orci.</p>\r\n<p style="text-align: justify;">Maecenas ipsum velit, consectetuer eu, lobortis ut, dictum at, dui. In rutrum. Sed ac dolor sit amet purus malesuada congue. In laoreet, magna id viverra tincidunt, sem odio bibendum justo, vel imperdiet sapien wisi sed libero. Suspendisse sagittis ultrices augue. Mauris metus. Nunc dapibus tortor vel mi dapibus sollicitudin. Etiam posuere lacus quis dolor. Praesent id justo in neque elementum ultrices. Class aptent taciti sociosqu ad litora torquent per conubia nostra, per inceptos hymenaeos. In convallis. Fusce suscipit libero eget elit. Praesent vitae arcu tempor neque lacinia pretium. Morbi imperdiet, mauris ac auctor dictum, nisl ligula egestas nulla, et sollicitudin sem purus in lacus.</p>\r\n<p style="text-align: justify;">Etiam posuere quam ac quam. Maecenas aliquet accumsan leo. Nullam dapibus fermentum ipsum. Etiam quis quam. Integer lacinia. Nulla est. Nulla turpis magna, cursus sit amet, suscipit a, interdum id, felis. Integer vulputate sem a nibh rutrum consequat. Maecenas lorem. Pellentesque pretium lectus id turpis. Etiam sapien elit, consequat eget, tristique non, venenatis quis, ante. Fusce wisi. Phasellus faucibus molestie nisl. Fusce eget urna. Curabitur vitae diam non enim vestibulum interdum. Nulla quis diam. Ut tempus purus at lorem.</p>\r\n<p style="text-align: justify;">Lorem ipsum dolor sit amet, consectetuer adipiscing elit. Nullam feugiat, turpis at pulvinar vulputate, erat libero tristique tellus, nec bibendum odio risus sit amet ante. Aliquam erat volutpat. Nunc auctor. Mauris pretium quam et urna. Fusce nibh. Duis risus. Curabitur sagittis hendrerit ante. Aliquam erat volutpat. Vestibulum erat nulla, ullamcorper nec, rutrum non, nonummy ac, erat. Duis condimentum augue id magna semper rutrum. Nullam justo enim, consectetuer nec, ullamcorper ac, vestibulum in, elit. Proin pede metus, vulputate nec, fermentum fringilla, vehicula vitae, justo. Fusce consectetuer risus a nunc. Aliquam ornare wisi eu metus. Integer pellentesque quam vel velit. Duis pulvinar.</p>\r\n<p style="text-align: justify;">Morbi a metus. Phasellus enim erat, vestibulum vel, aliquam a, posuere eu, velit. Nullam sapien sem, ornare ac, nonummy non, lobortis a, enim. Nunc tincidunt ante vitae massa. Duis ante orci, molestie vitae, vehicula venenatis, tincidunt ac, pede. Nulla accumsan, elit sit amet varius semper, nulla mauris mollis quam, tempor suscipit diam nulla vel leo. Etiam commodo dui eget wisi. Donec iaculis gravida nulla. Donec quis nibh at felis congue commodo. Etiam bibendum elit eget erat.</p>\r\n<p style="text-align: justify;">Lorem ipsum dolor sit amet, consectetuer adipiscing elit. Morbi gravida libero nec velit. Morbi scelerisque luctus velit. Etiam dui sem, fermentum vitae, sagittis id, malesuada in, quam. Proin mattis lacinia justo. Vestibulum facilisis auctor urna. Aliquam</p>', 1, 1),
(2, 'Lorem Ipsum, avantages.', '2017-06-10 14:10:27', '<p style="text-align: justify;">Dans certaines agences dans les ann&eacute;es 90 circulait un texte appel&eacute; le &ldquo;tramway jaune&rdquo; ou &ldquo;yellow subway&ldquo;, sens&eacute;s remplacer le Lorem Ipsum pour donner un aspect plus moderne au contenu. Mais on cherchait trop &agrave; lire le texte quand celui-ci &eacute;tait en fran&ccedil;ais ou en anglais, l&rsquo;effet voulu n&rsquo;&eacute;tait donc pas atteint. Le travail avec du texte lisible, contenant du sens peut &ecirc;tre source de distractions et de ce fait peut emp&ecirc;cher de se concentrer sur la mise en page.</p>\r\n<p style="text-align: justify;">L''avantage de l''origine latine doubl&eacute;e du non-sens du contenu du Lorem ipsum, &eacute;vite au lecteur d''&ecirc;tre distrait par le contenu du texte et ainsi peut focaliser son attention sur la conception graphique. En effet le texte Lorem Ipsum a l''avantage par rapport &agrave; un texte g&eacute;n&eacute;rique d''utiliser des mots de longueur variable, simulant une occupation normale de la maquette afin que celle-ci corresponde au produit final et que la future publication n''en soit pas alt&eacute;r&eacute;e.</p>\r\n<p style="text-align: justify;">Etiam posuere quam ac quam. Maecenas aliquet accumsan leo. Nullam dapibus fermentum ipsum. Etiam quis quam. Integer lacinia. Nulla est. Nulla turpis magna, cursus sit amet, suscipit a, interdum id, felis. Integer vulputate sem a nibh rutrum consequat. Maecenas lorem. Pellentesque pretium lectus id turpis. Etiam sapien elit, consequat eget, tristique non, venenatis quis, ante. Fusce wisi. Phasellus faucibus molestie nisl. Fusce eget urna. Curabitur vitae diam non enim vestibulum interdum. Nulla quis diam. Ut tempus purus at lorem. Morbi leo mi, nonummy eget, tristique non, rhoncus non, leo. Nullam faucibus mi quis velit. Integer in sapien. Fusce tellus odio, dapibus id, fermentum quis, suscipit id, erat. Fusce aliquam vestibulum ipsum. Aliquam erat volutpat. Pellentesque sapien. Cras elementum. Nulla pulvinar eleifend sem. Cum sociis natoque penatibus et magnis dis parturient montes, nascetur ridiculus mus. Quisque porta. Vivamus porttitor turpis ac leo.</p>\r\n<p style="text-align: justify;">Morbi a metus. Phasellus enim erat, vestibulum vel, aliquam a, posuere eu, velit. Nullam sapien sem, ornare ac, nonummy non, lobortis a, enim. Nunc tincidunt ante vitae massa. Duis ante orci, molestie vitae, vehicula venenatis, tincidunt ac, pede. Nulla accumsan, elit sit amet varius semper, nulla mauris mollis quam, tempor suscipit diam nulla vel leo. Etiam commodo dui eget wisi. Donec iaculis gravida nulla. Donec quis nibh at felis congue commodo. Etiam bibendum elit eget erat.</p>\r\n<p style="text-align: justify;">Maecenas ipsum velit, consectetuer eu, lobortis ut, dictum at, dui. In rutrum. Sed ac dolor sit amet purus malesuada congue. In laoreet, magna id viverra tincidunt, sem odio bibendum justo, vel imperdiet sapien wisi sed libero. Suspendisse sagittis ultrices augue. Mauris metus. Nunc dapibus tortor vel mi dapibus sollicitudin. Etiam posuere lacus quis dolor. Praesent id justo in neque elementum ultrices. Class aptent taciti sociosqu ad litora torquent per conubia nostra, per inceptos hymenaeos. In convallis. Fusce suscipit libero eget elit. Praesent vitae</p>', 1, 1),
(3, 'Lorem Ipsum, origines.', '2017-06-10 14:16:53', '<p style="text-align: justify;">Le <strong>Lorem Ipsum</strong> est la <em>r&eacute;f&eacute;rence</em> depuis la fin du <em>Moyen-&Acirc;ge</em>. Un peintre aurait m&eacute;lang&eacute; des morceaux de texte pour en faire un livre de sp&eacute;cimen et ce serait ce texte que nous utiliserions de nos jours. Une autre version dit qu''il s&rsquo;agit d&rsquo;un extrait de l''ouvrage de Cic&eacute;ron : "De Finibus Bonorum et Malorum" sections 1.10.32 et 1.10.33. Cet ouvrage, tr&egrave;s populaire pendant la Renaissance, est un trait&eacute; sur la th&eacute;orie de l''&eacute;thique.</p>\r\n<p style="text-align: justify;">Il semblerait que seuls certains extraits du texte original fassent partis des Lipsum couramment utilis&eacute;s, et qu''une s&eacute;rie de lettres aient &eacute;t&eacute; enlev&eacute;es ou rajout&eacute;es &agrave; divers endroits du texte au fil du temps. C''est la raison pour laquelle il existe de nos jours toute une s&eacute;rie de Lorem ipsum plus ou moins diff&eacute;rant les uns des autres. D&ucirc; &agrave; sa date de production, l''utilisation des Lorem ipsum n''est plus sujette aux droits d''auteurs et &eacute;vite tous probl&egrave;mes de copyright.</p>\r\n<ul style="text-align: justify;">\r\n<li>\r\n<h5>Lorem Ipsum mille mots.</h5>\r\n</li>\r\n</ul>\r\n<p style="text-align: justify;">Lorem ipsum dolor sit amet, consectetuer adipiscing elit. Nullam feugiat, turpis at pulvinar vulputate, erat libero tristique tellus, nec bibendum odio risus sit amet ante. Aliquam erat volutpat. Nunc auctor. Mauris pretium quam et urna. Fusce nibh. Duis risus. Curabitur sagittis hendrerit ante. Aliquam erat volutpat. Vestibulum erat nulla, ullamcorper nec, rutrum non, nonummy ac, erat. Duis condimentum augue id magna semper rutrum. Nullam justo enim, consectetuer nec, ullamcorper ac, vestibulum in, elit. Proin pede metus, vulputate nec, fermentum fringilla, vehicula vitae, justo. Fusce consectetuer risus a nunc. Aliquam ornare wisi eu metus. Integer pellentesque quam vel velit. Duis pulvinar. Morbi a metus. Phasellus enim erat, vestibulum vel, aliquam a, posuere eu, velit. Nullam sapien sem, ornare ac, nonummy non, lobortis a, enim. Nunc tincidunt ante vitae massa. Duis ante orci, molestie vitae, vehicula venenatis, tincidunt ac, pede. Nulla accumsan, elit sit amet varius semper, nulla mauris mollis quam, tempor suscipit diam nulla vel leo. Etiam commodo dui eget wisi. Donec iaculis gravida nulla. Donec quis nibh at felis congue commodo. Etiam bibendum elit eget erat.</p>\r\n<p style="text-align: justify;">Etiam posuere quam ac quam. Maecenas aliquet accumsan leo. Nullam dapibus fermentum ipsum. Etiam quis quam. Integer lacinia. Nulla est. Nulla turpis magna, cursus sit amet, suscipit a, interdum id, felis. Integer vulputate sem a nibh rutrum consequat. Maecenas lorem. Pellentesque pretium lectus id turpis. Etiam sapien elit, consequat eget, tristique non, venenatis quis, ante. Fusce wisi. Phasellus faucibus molestie nisl. Fusce eget urna. Curabitur vitae diam non enim vestibulum interdum. Nulla quis diam. Ut tempus purus at lorem.</p>\r\n<p style="text-align: justify;">Etiam posuere quam ac quam. Maecenas aliquet accumsan leo. Nullam dapibus fermentum ipsum. Etiam quis quam. Integer lacinia. Nulla est. Nulla turpis magna, cursus sit amet, suscipit a, interdum id, felis. Integer vulputate sem a nibh rutrum consequat. Maecenas lorem. Pellentesque pretium lectus id turpis. Etiam sapien elit, consequat eget, tristique non, venenatis quis, ante. Fusce wisi. Phasellus faucibus molestie nisl. Fusce eget urna. Curabitur vitae diam non enim vestibulum interdum. Nulla quis diam. Ut tempus purus at lorem.</p>\r\n<p style="text-align: justify;">Morbi a metus. Phasellus enim erat, vestibulum vel, aliquam a, posuere eu, velit. Nullam sapien sem, ornare ac, nonummy non, lobortis a, enim. Nunc tincidunt ante vitae massa. Duis ante orci, molestie vitae, vehicula venenatis, tincidunt ac, pede. Nulla accumsan, elit sit amet varius semper, nulla mauris mollis quam, tempor suscipit diam nulla vel leo. Etiam commodo dui eget wisi. Donec iaculis gravida nulla. Donec quis nibh at felis congue commodo. Etiam bibendum elit eget erat.</p>\r\n<p style="text-align: justify;">In sem justo, commodo ut, suscipit at, pharetra vitae, orci. Duis sapien nunc, commodo et, interdum suscipit, sollicitudin et, dolor. Pellentesque habitant morbi tristique senectus et netus et malesuada fames ac turpis egestas. Aliquam id dolor. Class aptent taciti sociosqu ad litora torquent per conubia nostra, per inceptos hymenaeos. Mauris dictum facilisis augue. Fusce tellus. Pellentesque arcu. Maecenas fermentum, sem in pharetra pellentesque, velit turpis volutpat ante, in pharetra metus odio a lectus. Sed elit dui, pellentesque a, faucibus vel, interdum nec, diam. Mauris dolor felis, sagittis at, luctus sed, aliquam non, tellus. Etiam ligula pede, sagittis quis, interdum ultricies, scelerisque eu, urna. Nullam at arcu a est sollicitudin euismod. Praesent dapibus. Duis bibendum, lectus ut viverra rhoncus, dolor nunc faucibus libero, eget facilisis enim ipsum id lacus. Nam sed tellus id magna elementum tincidunt.</p>\r\n<p style="text-align: justify;">Praesent in mauris eu tortor porttitor accumsan. Mauris suscipit, ligula sit amet pharetra semper, nibh ante cursus purus, vel sagittis velit mauris vel metus. Aenean fermentum risus id tortor. Integer imperdiet lectus quis justo. Integer tempor. Vivamus ac urna vel leo pretium faucibus. Mauris elementum mauris vitae tortor. In dapibus augue non sapien. Aliquam ante. Curabitur bibendum justo non orci.</p>\r\n<p style="text-align: justify;">Maecenas ipsum velit, consectetuer eu, lobortis ut, dictum at, dui. In rutrum. Sed ac dolor sit amet purus malesuada congue. In laoreet, magna id viverra tincidunt, sem odio bibendum justo, vel imperdiet sapien wisi sed libero. Suspendisse sagittis ultrices augue. Mauris metus. Nunc dapibus tortor vel mi dapibus sollicitudin. Etiam posuere lacus quis dolor. Praesent id justo in neque elementum ultrices. Class aptent taciti sociosqu ad litora torquent per conubia nostra, per inceptos hymenaeos. In convallis. Fusce suscipit libero eget elit. Praesent vitae arcu tempor neque lacinia pretium. Morbi imperdiet, mauris ac auctor dictum, nisl ligula egestas nulla, et sollicitudin sem purus in lacus.</p>\r\n<p style="text-align: justify;">Etiam posuere quam ac quam. Maecenas aliquet accumsan leo. Nullam dapibus fermentum ipsum. Etiam quis quam. Integer lacinia. Nulla est. Nulla turpis magna, cursus sit amet, suscipit a, interdum id, felis. Integer vulputate sem a nibh rutrum consequat. Maecenas lorem. Pellentesque pretium lectus id turpis. Etiam sapien elit, consequat eget, tristique non, venenatis quis, ante. Fusce wisi. Phasellus faucibus molestie nisl. Fusce eget urna. Curabitur vitae diam non enim vestibulum interdum. Nulla quis diam. Ut tempus purus at lorem.</p>\r\n<p style="text-align: justify;">Lorem ipsum dolor sit amet, consectetuer adipiscing elit. Nullam feugiat, turpis at pulvinar vulputate, erat libero tristique tellus, nec bibendum odio risus sit amet ante. Aliquam erat volutpat. Nunc auctor. Mauris pretium quam et urna. Fusce nibh. Duis risus. Curabitur sagittis hendrerit ante. Aliquam erat volutpat. Vestibulum erat nulla, ullamcorper nec, rutrum non, nonummy ac, erat. Duis condimentum augue id magna semper rutrum. Nullam justo enim, consectetuer nec, ullamcorper ac, vestibulum in, elit. Proin pede metus, vulputate nec, fermentum fringilla, vehicula vitae, justo. Fusce consectetuer risus a nunc. Aliquam ornare wisi eu metus. Integer pellentesque quam vel velit. Duis pulvinar.</p>\r\n<p style="text-align: justify;">Morbi a metus. Phasellus enim erat, vestibulum vel, aliquam a, posuere eu, velit. Nullam sapien sem, ornare ac, nonummy non, lobortis a, enim. Nunc tincidunt ante vitae massa. Duis ante orci, molestie vitae, vehicula venenatis, tincidunt ac, pede. Nulla accumsan, elit sit amet varius semper, nulla mauris mollis quam, tempor suscipit diam nulla vel leo. Etiam commodo dui eget wisi. Donec iaculis gravida nulla. Donec quis nibh at felis congue commodo. Etiam bibendum elit eget erat.</p>\r\n<p style="text-align: justify;">Lorem ipsum dolor sit amet, consectetuer adipiscing elit. Morbi gravida libero nec velit. Morbi scelerisque luctus velit. Etiam dui sem, fermentum vitae, sagittis id, malesuada in, quam. Proin mattis lacinia justo. Vestibulum facilisis auctor urna. Aliquam</p>', 1, 1),
(4, 'Lorem Ipsum, utilisations.', '2017-06-10 14:20:15', '<p style="text-align: justify;">Un Lipsum est un texte servant de substitut en l''absence du texte d&eacute;finitif aux futurs contenus d''une maquette ou d''un site web par exemple. Lipsum est issu de la contraction du plus connu des textes de substitution : "Lorem ipsum". Ce type de texte est aussi appel&eacute; texte blanc, faux-texte, bolo bolo, pseudo texte, texte factice, vrai faux texte, faux contenu, texte de remplissage, texte d''attente ou texte de remplacement.</p>\r\n<p style="text-align: justify;">L''utilisation de faux-textes est courante depuis le 16&egrave;me si&egrave;cle dans les milieux de l''imprimerie et de la composition. Le faux contenu s''est d&eacute;mocratis&eacute; dans les ann&eacute;es 60 lorsque la soci&eacute;t&eacute; Letraset, sp&eacute;cialiste de la typo, a &eacute;dit&eacute; des planches de ce Lorem Ipsum. A l''&egrave;re de l''informatique, de nombreux logiciels de traitement de texte, de mise en page print ou web l&rsquo;utilisent comme mod&egrave;le de texte par d&eacute;faut, d''o&ugrave; sa pr&eacute;sence sur des sites web en construction.</p>\r\n<p style="text-align: justify;">Maecenas ipsum velit, consectetuer eu, lobortis ut, dictum at, dui. In rutrum. Sed ac dolor sit amet purus malesuada congue. In laoreet, magna id viverra tincidunt, sem odio bibendum justo, vel imperdiet sapien wisi sed libero. Suspendisse sagittis ultrices augue. Mauris metus. Nunc dapibus tortor vel mi dapibus sollicitudin. Etiam posuere lacus quis dolor. Praesent id justo in neque elementum ultrices. Class aptent taciti sociosqu ad litora torquent per conubia nostra, per inceptos hymenaeos. In convallis. Fusce suscipit libero eget elit. Praesent vitae arcu tempor neque lacinia pretium. Morbi imperdiet, mauris ac auctor dictum, nisl ligula egestas nulla, et sollicitudin sem purus in lacus. Nam quis nulla. Integer malesuada. In in enim a arcu imperdiet malesuada. Sed vel lectus. Donec odio urna, tempus molestie, porttitor ut, iaculis quis, sem. Phasellus rhoncus. Aenean id metus id velit ullamcorper pulvinar. Vestibulum fermentum tortor id mi. Pellentesque ipsum. Nulla non arcu lacinia neque faucibus fringilla. Nulla non lectus sed nisl molestie malesuada. Proin in tellus sit amet nibh dignissim sagittis. Vivamus luctus egestas leo. Maecenas sollicitudin. Nullam rhoncus aliquam metus. Etiam egestas wisi a erat.</p>\r\n<p style="text-align: justify;">Etiam posuere quam ac quam. Maecenas aliquet accumsan leo. Nullam dapibus fermentum ipsum. Etiam quis quam. Integer lacinia. Nulla est. Nulla turpis magna, cursus sit amet, suscipit a, interdum id, felis. Integer vulputate sem a nibh rutrum consequat. Maecenas lorem. Pellentesque pretium lectus id turpis. Etiam sapien elit, consequat eget, tristique non, venenatis quis, ante. Fusce wisi. Phasellus faucibus molestie nisl. Fusce eget urna. Curabitur vitae diam non enim vestibulum interdum. Nulla quis diam. Ut tempus purus at lorem.</p>\r\n<p style="text-align: justify;">Maecenas ipsum velit, consectetuer eu, lobortis ut, dictum at, dui. In rutrum. Sed ac dolor sit amet purus malesuada congue. In laoreet, magna id viverra tincidunt, sem odio bibendum justo, vel imperdiet sapien wisi sed libero. Suspendisse sagittis ultrices</p>', 1, 1),
(5, 'Alaska | Guide de voyage', '2017-06-10 14:23:56', '<p style="text-align: justify; padding-left: 30px;"><strong>Lorem ipsum dolo</strong>r sit amet, consectetuer adipiscing elit. Nullam feugiat, turpis at pulvinar vulputate, erat libero tristique tellus, nec bibendum odio risus sit amet ante. Aliquam erat volutpat. Nunc auctor. Mauris pretium quam et urna. Fusce nibh. Duis risus. Curabitur sagittis hendrerit ante. Aliquam erat volutpat. Vestibulum erat nulla, ullamcorper nec, rutrum non, nonummy ac, erat. Duis condimentum augue id magna semper rutrum. Nullam justo enim, consectetuer nec, ullamcorper ac, vestibulum in, elit. Proin pede metus, vulputate nec, fermentum fringilla, vehicula vitae, justo. Fusce consectetuer risus a nunc. Aliquam ornare wisi eu metus. Integer pellentesque quam vel velit. Duis pulvinar. Praesent in mauris eu tortor porttitor accumsan. Mauris suscipit, ligula sit amet pharetra semper, nibh ante cursus purus, vel sagittis velit mauris vel metus. Aenean fermentum risus id tortor. Integer imperdiet lectus quis justo. Integer tempor. Vivamus ac urna vel leo pretium faucibus. Mauris elementum mauris vitae tortor. In dapibus augue non sapien. Aliquam ante. Curabitur bibendum justo non orci.</p>\r\n<p style="text-align: justify;">Lorem ipsum dolor sit amet, consectetuer adipiscing elit. Morbi gravida libero nec velit. Morbi scelerisque luctus velit. Etiam dui sem, fermentum vitae, sagittis id, malesuada in, quam. Proin mattis lacinia justo. Vestibulum facilisis auctor urna. Aliquam in lorem sit amet leo accumsan lacinia. Integer rutrum, orci vestibulum ullamcorper ultricies, lacus quam ultricies odio, vitae placerat pede sem sit amet enim. Phasellus et lorem id felis nonummy placerat. Fusce dui leo, imperdiet in, aliquam sit amet, feugiat eu, orci. Aenean vel massa quis mauris vehicula lacinia. Quisque tincidunt scelerisque libero. Maecenas libero. Etiam dictum tincidunt diam. Donec ipsum massa, ullamcorper in, auctor et, scelerisque sed, est. Suspendisse nisl. Sed convallis magna eu sem. Cras pede libero, dapibus nec, pretium sit amet, tempor quis, urna.</p>\r\n<p style="text-align: justify;">Lorem ipsum dolor sit amet, consectetuer adipiscing elit. Nullam feugiat, turpis at pulvinar vulputate, erat libero tristique tellus, nec bibendum odio risus sit amet ante. Aliquam erat volutpat. Nunc auctor. Mauris pretium quam et urna. Fusce nibh. Duis risus. Curabitur sagittis hendrerit ante. Aliquam erat volutpat. Vestibulum erat nulla, ullamcorper nec, rutrum non, nonummy ac, erat. Duis condimentum augue id magna semper rutrum. Nullam justo enim, consectetuer nec, ullamcorper ac, vestibulum in, elit. Proin pede metus, vulputate nec, fermentum fringilla, vehicula vitae, justo. Fusce consectetuer risus a nunc. Aliquam ornare wisi eu metus. Integer pellentesque quam vel velit. Duis pulvinar.</p>\r\n<p style="text-align: justify;">Etiam posuere quam ac quam. Maecenas aliquet accumsan leo. Nullam dapibus fermentum ipsum. Etiam quis quam. Integer lacinia. Nulla est. Nulla turpis magna, cursus sit amet, suscipit a, interdum id, felis. Integer vulputate sem a nibh rutrum consequat. Maecenas lorem. Pellentesque pretium lectus id turpis. Etiam sapien elit, consequat eget, tristique non, venenatis quis, ante. Fusce wisi. Phasellus faucibus molestie nisl. Fusce eget urna. Curabitur vitae diam non enim vestibulum interdum. Nulla quis diam. Ut tempus purus at lorem.</p>\r\n<p style="text-align: justify;">Lorem ipsum dolor sit amet, consectetuer adipiscing elit. Morbi gravida libero nec velit. Morbi scelerisque luctus velit. Etiam dui sem, fermentum vitae, sagittis id, malesuada in, quam. Proin mattis lacinia justo. Vestibulum facilisis auctor urna. Aliquam in lorem sit amet leo accumsan lacinia. Integer rutrum, orci vestibulum ullamcorper ultricies, lacus quam ultricies odio, vitae placerat pede sem sit amet enim. Phasellus et lorem id felis nonummy placerat. Fusce dui leo, imperdiet in, aliquam sit amet, feugiat eu, orci. Aenean vel massa quis mauris vehicula lacinia. Quisque tincidunt scelerisque libero. Maecenas libero. Etiam dictum tincidunt diam. Donec ipsum massa, ullamcorper in, auctor et, scelerisque sed, est. Suspendisse nisl. Sed convallis magna eu sem. Cras pede libero, dapibus nec, pretium sit amet, tempor quis, urna.</p>\r\n<p style="text-align: justify;">Praesent in mauris eu tortor porttitor accumsan. Mauris suscipit, ligula sit amet pharetra semper, nibh ante cursus purus, vel sagittis velit mauris vel metus. Aenean fermentum risus id tortor. Integer imperdiet lectus quis justo. Integer tempor. Vivamus ac urna vel leo pretium faucibus. Mauris elementum mauris vitae tortor. In dapibus augue non sapien. Aliquam ante. Curabitur bibendum justo non orci.</p>\r\n<p style="text-align: justify;">Praesent in mauris eu tortor porttitor accumsan. Mauris suscipit, ligula sit amet pharetra semper, nibh ante cursus purus, vel sagittis velit mauris vel metus. Aenean fermentum risus id tortor. Integer imperdiet lectus quis justo. Integer tempor. Vivamus ac urna vel leo pretium faucibus. Mauris elementum mauris vitae tortor. In dapibus augue non sapien. Aliquam ante. Curabitur bibendum justo non orci.</p>\r\n<p style="text-align: justify;">Morbi leo mi, nonummy eget, tristique non, rhoncus non, leo. Nullam faucibus mi quis velit. Integer in sapien. Fusce tellus odio, dapibus id, fermentum quis, suscipit id, erat. Fusce aliquam vestibulum ipsum. Aliquam erat volutpat. Pellentesque sapien. Cras elementum. Nulla pulvinar eleifend sem. Cum sociis natoque penatibus et magnis dis parturient montes, nascetur ridiculus mus. Quisque porta. Vivamus porttitor turpis ac leo.</p>\r\n<p style="text-align: justify;">In sem justo, commodo ut, suscipit at, pharetra vitae, orci. Duis sapien nunc, commodo et, interdum suscipit, sollicitudin et, dolor. Pellentesque habitant morbi tristique senectus et netus et malesuada fames ac turpis egestas. Aliquam id dolor. Class aptent taciti sociosqu ad litora torquent per conubia nostra, per inceptos hymenaeos. Mauris dictum facilisis augue. Fusce tellus. Pellentesque arcu. Maecenas fermentum, sem in pharetra pellentesque, velit turpis volutpat ante, in pharetra metus odio a lectus. Sed elit dui, pellentesque a, faucibus vel, interdum nec, diam. Mauris dolor felis, sagittis at, luctus sed, aliquam non, tellus. Etiam ligula pede, sagittis quis, interdum ultricies, scelerisque eu, urna. Nullam at arcu a est sollicitudin euismod. Praesent dapibus. Duis bibendum, lectus ut viverra rhoncus, dolor nunc faucibus libero, eget facilisis enim ipsum id lacus. Nam sed tellus id magna elementum tincidunt.</p>\r\n<p style="text-align: justify;">In sem justo, commodo ut, suscipit at, pharetra vitae, orci. Duis sapien nunc, commodo et, interdum suscipit, sollicitudin et, dolor. Pellentesque habitant morbi tristique senectus et netus et malesuada fames ac turpis egestas. Aliquam id dolor. Class aptent taciti sociosqu ad litora torquent per conubia nostra, per inceptos hymenaeos. Mauris dictum facilisis augue. Fusce tellus. Pellentesque arcu. Maecenas fermentum, sem in pharetra pellentesque, velit turpis volutpat ante, in pharetra metus odio a lectus. Sed elit dui, pellentesque a, faucibus vel, interdum nec, diam. Mauris dolor felis, sagittis at, luctus sed, aliquam non, tellus. Etiam ligula pede, sagittis quis, interdum ultricies, scelerisque eu, urna. Nullam at arcu a est sollicitudin euismod. Praesent dapibus. Duis bibendum, lectus ut viverra rhoncus, dolor nunc faucibus libero, eget facilisis enim ipsum id lacus. Nam sed tellus id magna elementum tincidunt.</p>\r\n<p style="text-align: justify;">Morbi a metus. Phasellus enim erat, vestibulum vel, aliquam a, posuere eu, velit. Nullam sapien sem, ornare ac, nonummy non, lobortis a, enim. Nunc tincidunt ante vitae massa. Duis ante orci, molestie vitae, vehicula venenatis, tincidunt ac, pede. Nulla accumsan, elit sit amet varius semper, nulla mauris mollis quam, tempor suscipit diam nulla vel leo. Etiam commodo dui eget wisi. Donec iaculis gravida</p>', 1, 1),
(6, 'Lorem Ipsum, limites.', '2017-06-10 14:34:08', '<p style="text-align: justify;"><em><strong>Praesent in mauris eu tortor porttitor accumsan</strong></em>. Mauris suscipit, ligula sit amet pharetra semper, nibh ante cursus purus, vel sagittis velit mauris vel metus. Aenean fermentum risus id tortor. Integer imperdiet lectus quis justo. Integer tempor. Vivamus ac urna vel leo pretium faucibus. Mauris elementum mauris vitae tortor. In dapibus augue non sapien. Aliquam ante. Curabitur bibendum justo non orci. Praesent in mauris eu tortor porttitor accumsan. Mauris suscipit, ligula sit amet pharetra semper, nibh ante cursus purus, vel sagittis velit mauris vel metus. Aenean fermentum risus id tortor. Integer imperdiet lectus quis justo. Integer tempor. Vivamus ac urna vel leo pretium faucibus. Mauris elementum mauris vitae tortor. In dapibus augue non sapien. Aliquam ante. Curabitur bibendum justo non orci.</p>\r\n<p style="text-align: justify;">Morbi leo mi, nonummy eget, tristique non, rhoncus non, leo. Nullam faucibus mi quis velit. Integer in sapien. Fusce tellus odio, dapibus id, fermentum quis, suscipit id, erat. Fusce aliquam vestibulum ipsum. Aliquam erat volutpat. Pellentesque sapien. Cras elementum. Nulla pulvinar eleifend sem. Cum sociis natoque penatibus et magnis dis parturient montes, nascetur ridiculus mus. Quisque porta. Vivamus porttitor turpis ac leo.</p>\r\n<p style="text-align: justify;">Morbi a metus. Phasellus enim erat, vestibulum vel, aliquam a, posuere eu, velit. Nullam sapien sem, ornare ac, nonummy non, lobortis a, enim. Nunc tincidunt ante vitae massa. Duis ante orci, molestie vitae, vehicula venenatis, tincidunt ac, pede. Nulla accumsan, elit sit amet varius semper, nulla mauris mollis quam, tempor suscipit diam nulla vel leo. Etiam commodo dui eget wisi. Donec iaculis gravida nulla. Donec quis nibh at felis congue commodo. Etiam bibendum elit eget erat.</p>\r\n<p style="text-align: justify;">Lorem ipsum dolor sit amet, consectetuer adipiscing elit. Nullam feugiat, turpis at pulvinar vulputate, erat libero tristique tellus, nec bibendum odio risus sit amet ante. Aliquam erat volutpat. Nunc auctor. Mauris pretium quam et urna. Fusce nibh. Duis risus. Curabitur sagittis hendrerit ante. Aliquam erat volutpat. Vestibulum erat nulla, ullamcorper nec, rutrum non, nonummy ac, erat. Duis condimentum augue id magna semper rutrum. Nullam justo enim, consectetuer nec, ullamcorper ac, vestibulum in, elit. Proin pede metus, vulputate nec, fermentum fringilla, vehicula vitae, justo. Fusce consectetuer risus a nunc. Aliquam ornare wisi eu metus. Integer pellentesque quam vel velit. Duis pulvinar.</p>\r\n<p style="text-align: justify;">Lorem ipsum dolor sit amet, consectetuer adipiscing elit. Nullam feugiat, turpis at pulvinar vulputate, erat libero tristique tellus, nec bibendum odio risus sit amet ante. Aliquam erat volutpat. Nunc auctor. Mauris pretium quam et urna. Fusce nibh. Duis risus. Curabitur sagittis hendrerit ante. Aliquam erat volutpat. Vestibulum erat nulla, ullamcorper nec, rutrum non, nonummy ac, erat. Duis condimentum augue id magna semper rutrum. Nullam justo enim, consectetuer nec, ullamcorper ac, vestibulum in, elit. Proin pede metus, vulputate nec, fermentum fringilla, vehicula vitae, justo. Fusce consectetuer risus a nunc. Aliquam ornare wisi eu metus. Integer pellentesque quam vel velit. Duis pulvinar.</p>\r\n<p style="text-align: justify;">Nam quis nulla. Integer malesuada. In in enim a arcu imperdiet malesuada. Sed vel lectus. Donec odio urna, tempus molestie, porttitor ut, iaculis quis, sem. Phasellus rhoncus. Aenean id metus id velit ullamcorper pulvinar. Vestibulum fermentum tortor id mi. Pellentesque ipsum. Nulla non arcu lacinia neque faucibus fringilla. Nulla non lectus sed nisl molestie malesuada. Proin in tellus sit amet nibh dignissim sagittis. Vivamus luctus egestas leo. Maecenas sollicitudin. Nullam rhoncus aliquam metus. Etiam egestas wisi a erat.</p>\r\n<p style="text-align: justify;">Lorem ipsum dolor sit amet, consectetuer adipiscing elit. Nullam feugiat, turpis at pulvinar vulputate, erat libero tristique tellus, nec bibendum odio risus sit amet ante. Aliquam erat volutpat. Nunc auctor. Mauris pretium quam et urna. Fusce nibh. Duis risus. Curabitur sagittis hendrerit ante. Aliquam erat volutpat. Vestibulum erat nulla, ullamcorper nec, rutrum non, nonummy ac, erat. Duis condimentum augue id magna semper rutrum. Nullam</p>', 0, 1),
(7, 'Au coeur de l''Alaska', '2017-06-10 18:56:11', '<p>In sem justo, commodo ut, suscipit at, pharetra vitae, orci. Duis sapien nunc, commodo et, interdum suscipit, sollicitudin et, dolor. Pellentesque habitant morbi tristique senectus et netus et malesuada fames ac turpis egestas. Aliquam id dolor. Class aptent taciti sociosqu ad litora torquent per conubia nostra, per inceptos hymenaeos. Mauris dictum facilisis augue. Fusce tellus. Pellentesque arcu. Maecenas fermentum, sem in pharetra pellentesque, velit turpis volutpat ante, in pharetra metus odio a lectus. Sed elit dui, pellentesque a, faucibus vel, interdum nec, diam. Mauris dolor felis, sagittis at, luctus sed, aliquam non, tellus. Etiam ligula pede, sagittis quis, interdum ultricies, scelerisque eu, urna. Nullam at arcu a est sollicitudin euismod. Praesent dapibus. Duis bibendum, lectus ut viverra rhoncus, dolor nunc faucibus libero, eget facilisis enim ipsum id lacus. Nam sed tellus id magna elementum tincidunt. Lorem ipsum dolor sit amet, consectetuer adipiscing elit. Nullam feugiat, turpis at pulvinar vulputate, erat libero tristique tellus, nec bibendum odio risus sit amet ante. Aliquam erat volutpat. Nunc auctor. Mauris pretium quam et urna. Fusce nibh. Duis risus. Curabitur sagittis hendrerit ante. Aliquam erat volutpat. Vestibulum erat nulla, ullamcorper nec, rutrum non, nonummy ac, erat. Duis condimentum augue id magna semper rutrum. Nullam justo enim, consectetuer nec, ullamcorper ac, vestibulum in, elit. Proin pede metus, vulputate nec, fermentum fringilla, vehicula vitae, justo. Fusce consectetuer risus a nunc. Aliquam ornare wisi eu metus. Integer pellentesque quam vel velit. Duis pulvinar.</p>\r\n<h5><strong><span style="text-decoration: underline;">Etape 1:</span></strong></h5>\r\n<p>Etiam posuere quam ac quam. Maecenas aliquet accumsan leo. Nullam dapibus fermentum ipsum. Etiam quis quam. Integer lacinia. Nulla est. Nulla turpis magna, cursus sit amet, suscipit a, interdum id, felis. Integer vulputate sem a nibh rutrum consequat. Maecenas lorem. Pellentesque pretium lectus id turpis. Etiam sapien elit, consequat eget, tristique non, venenatis quis, ante. Fusce wisi. Phasellus faucibus molestie nisl. Fusce eget urna. Curabitur vitae diam non enim vestibulum interdum. Nulla quis diam. Ut tempus purus at lorem.</p>\r\n<p>Morbi a metus. Phasellus enim erat, vestibulum vel, aliquam a, posuere eu, velit. Nullam sapien sem, ornare ac, nonummy non, lobortis a, enim. Nunc tincidunt ante vitae massa. Duis ante orci, molestie vitae, vehicula venenatis, tincidunt ac, pede. Nulla accumsan, elit sit amet varius semper, nulla mauris mollis quam, tempor suscipit diam nulla vel leo. Etiam commodo dui eget wisi. Donec iaculis gravida nulla. Donec quis nibh at felis congue commodo. Etiam bibendum elit eget erat.</p>\r\n<h5><span style="text-decoration: underline;"><strong>Etape 2:</strong></span></h5>\r\n<p>Morbi leo mi, nonummy eget, tristique non, rhoncus non, leo. Nullam faucibus mi quis velit. Integer in sapien. Fusce tellus odio, dapibus id, fermentum quis, suscipit id, erat. Fusce aliquam vestibulum ipsum. Aliquam erat volutpat. Pellentesque sapien. Cras elementum. Nulla pulvinar eleifend sem. Cum sociis natoque penatibus et magnis dis parturient montes, nascetur ridiculus mus. Quisque porta. Vivamus porttitor turpis ac leo.</p>\r\n<p>Morbi a metus. Phasellus enim erat, vestibulum vel, aliquam a, posuere eu, velit. Nullam sapien sem, ornare ac, nonummy non, lobortis a, enim. Nunc tincidunt ante vitae massa. Duis ante orci, molestie vitae, vehicula venenatis, tincidunt ac, pede. Nulla accumsan, elit sit amet varius semper, nulla mauris mollis quam, tempor suscipit diam nulla vel leo. Etiam commodo dui eget wisi. Donec iaculis gravida nulla. Donec quis nibh at felis congue commodo. Etiam bibendum elit eget erat.</p>\r\n<h5><strong><span style="text-decoration: underline;">Etape 3:</span></strong></h5>\r\n<p>Lorem ipsum dolor sit amet, consectetuer adipiscing elit. Nullam feugiat, turpis at pulvinar vulputate, erat libero tristique tellus, nec bibendum odio risus sit amet ante. Aliquam erat volutpat. Nunc auctor. Mauris pretium quam et urna. Fusce nibh. Duis risus. Curabitur sagittis hendrerit ante. Aliquam erat volutpat. Vestibulum erat nulla, ullamcorper nec, rutrum non, nonummy ac, erat. Duis condimentum augue id magna semper rutrum. Nullam justo enim, consectetuer nec, ullamcorper ac, vestibulum in, elit. Proin pede metus, vulputate nec, fermentum fringilla, vehicula vitae, justo. Fusce consectetuer risus a nunc. Aliquam ornare wisi eu metus. Integer pellentesque quam vel velit. Duis pulvinar.</p>\r\n<p>Morbi a metus. Phasellus enim erat, vestibulum vel, aliquam a, posuere eu, velit. Nullam sapien sem, ornare ac, nonummy non, lobortis a, enim. Nunc tincidunt ante vitae massa. Duis ante orci, molestie vitae, vehicula venenatis, tincidunt ac, pede. Nulla accumsan, elit sit amet varius semper, nulla mauris mollis quam, tempor suscipit diam nulla vel leo. Etiam commodo dui eget wisi. Donec iaculis gravida nulla. Donec quis nibh at felis congue commodo. Etiam bibendum elit eget erat.</p>\r\n<p>Lorem ipsum dolor sit amet, consectetuer adipiscing elit. Morbi gravida libero nec velit. Morbi scelerisque luctus velit. Etiam dui sem, fermentum vitae, sagittis id, malesuada in, quam. Proin mattis lacinia justo. Vestibulum facilisis auctor urna. Aliquam in lorem sit amet leo accumsan lacinia. Integer rutrum, orci vestibulum ullamcorper ultricies, lacus quam ultricies odio, vitae placerat pede sem sit amet enim. Phasellus et lorem id felis nonummy placerat. Fusce dui leo, imperdiet in, aliquam sit amet, feugiat eu, orci. Aenean vel massa quis mauris vehicula lacinia. Quisque tincidunt scelerisque libero. Maecenas libero. Etiam dictum tincidunt diam. Donec ipsum massa, ullamcorper in, auctor et, scelerisque sed, est. Suspendisse nisl. Sed convallis magna eu sem. Cras pede libero, dapibus nec, pretium sit amet, tempor quis, urna.</p>\r\n<p>Morbi leo mi, nonummy eget, tristique non, rhoncus non, leo. Nullam faucibus mi quis velit. Integer in sapien. Fusce tellus odio, dapibus id, fermentum quis, suscipit id, erat. Fusce aliquam vestibulum ipsum. Aliquam erat volutpat. Pellentesque sapien. Cras elementum. Nulla pulvinar eleifend sem. Cum sociis natoque penatibus et magnis dis parturient montes, nascetur ridiculus mus. Quisque porta. Vivamus porttitor turpis ac leo.</p>\r\n<p>Morbi leo mi, nonummy eget, tristique non, rhoncus non, leo. Nullam.</p>', 0, 4);
INSERT INTO `posts` (`id_post`, `title`, `p_date`, `content`, `publish`, `user_id`) VALUES
(11, 'Faux Texte Lorem Ipsum', '2017-06-11 18:31:55', '<p>Morbi leo mi, nonummy eget, tristique non, rhoncus non, leo. Nullam faucibus mi quis velit. Integer in sapien. Fusce tellus odio, dapibus id, fermentum quis, suscipit id, erat. Fusce aliquam vestibulum ipsum. Aliquam erat volutpat. Pellentesque sapien. Cras elementum. Nulla pulvinar eleifend sem. Cum sociis natoque penatibus et magnis dis parturient montes, nascetur ridiculus mus. Quisque porta. Vivamus porttitor turpis ac leo. Nam quis nulla. Integer malesuada. In in enim a arcu imperdiet malesuada. Sed vel lectus. Donec odio urna, tempus molestie, porttitor ut, iaculis quis, sem. Phasellus rhoncus. Aenean id metus id velit ullamcorper pulvinar. Vestibulum fermentum tortor id mi. Pellentesque ipsum. Nulla non arcu lacinia neque faucibus fringilla. Nulla non lectus sed nisl molestie malesuada. Proin in tellus sit amet nibh dignissim sagittis. Vivamus luctus egestas leo. Maecenas sollicitudin. Nullam rhoncus aliquam metus. Etiam egestas wisi a erat.</p>\r\n<p>Praesent in mauris eu tortor porttitor accumsan. Mauris suscipit, ligula sit amet pharetra semper, nibh ante cursus purus, vel sagittis velit mauris vel metus. Aenean fermentum risus id tortor. Integer imperdiet lectus quis justo. Integer tempor. Vivamus ac urna vel leo pretium faucibus. Mauris elementum mauris vitae tortor. In dapibus augue non sapien. Aliquam ante. Curabitur bibendum justo non orci.</p>\r\n<p>Morbi a metus. Phasellus enim erat, vestibulum vel, aliquam a, posuere eu, velit. Nullam sapien sem, ornare ac, nonummy non, lobortis a, enim. Nunc tincidunt ante vitae massa. Duis ante orci, molestie vitae, vehicula venenatis, tincidunt ac, pede. Nulla accumsan, elit sit amet varius semper, nulla mauris mollis quam, tempor suscipit diam nulla vel leo. Etiam commodo dui eget wisi. Donec iaculis gravida nulla. Donec quis nibh at felis congue commodo. Etiam bibendum elit eget erat.</p>\r\n<p>Lorem ipsum dolor sit amet, consectetuer adipiscing elit. Nullam feugiat, turpis at pulvinar vulputate, erat libero tristique tellus, nec bibendum odio risus sit amet ante. Aliquam erat volutpat. Nunc auctor. Mauris pretium quam et urna. Fusce nibh. Duis risus. Curabitur sagittis hendrerit ante. Aliquam erat volutpat. Vestibulum erat nulla, ullamcorper nec, rutrum non, nonummy ac, erat. Duis condimentum augue id magna semper rutrum. Nullam justo enim, consectetuer nec, ullamcorper ac, vestibulum in, elit. Proin pede metus, vulputate nec, fermentum fringilla, vehicula vitae, justo. Fusce consectetuer risus a nunc. Aliquam ornare wisi eu metus. Integer pellentesque quam vel velit. Duis pulvinar.</p>\r\n<p>Nam quis nulla. Integer malesuada. In in enim a arcu imperdiet malesuada. Sed vel lectus. Donec odio urna, tempus molestie, porttitor ut, iaculis quis, sem. Phasellus rhoncus. Aenean id metus id velit ullamcorper pulvinar. Vestibulum fermentum tortor id mi. Pellentesque ipsum. Nulla non arcu lacinia neque faucibus fringilla. Nulla non lectus sed nisl molestie malesuada. Proin in tellus sit amet nibh dignissim sagittis. Vivamus luctus egestas leo. Maecenas sollicitudin. Nullam rhoncus aliquam metus. Etiam egestas wisi a erat.</p>\r\n<p>Lorem ipsum dolor sit amet, consectetuer adipiscing elit. Morbi gravida libero nec velit. Morbi scelerisque luctus velit. Etiam dui sem, fermentum vitae, sagittis id, malesuada in, quam. Proin mattis lacinia justo. Vestibulum facilisis auctor urna. Aliquam in lorem sit amet leo accumsan lacinia. Integer rutrum, orci vestibulum ullamcorper ultricies, lacus quam ultricies odio, vitae placerat pede sem sit amet enim. Phasellus et lorem id felis nonummy placerat. Fusce dui leo, imperdiet in, aliquam sit amet, feugiat eu, orci. Aenean vel massa quis mauris vehicula lacinia. Quisque tincidunt scelerisque libero. Maecenas libero. Etiam dictum tincidunt diam. Donec ipsum massa, ullamcorper in, auctor et, scelerisque sed, est. Suspendisse nisl. Sed convallis magna eu sem. Cras pede libero, dapibus nec, pretium sit amet, tempor quis, urna.</p>\r\n<p>In sem justo, commodo ut, suscipit at, pharetra vitae, orci. Duis sapien nunc, commodo et, interdum suscipit, sollicitudin et, dolor. Pellentesque habitant morbi tristique senectus et netus et malesuada fames ac turpis egestas. Aliquam id dolor. Class aptent taciti sociosqu ad litora torquent per conubia nostra, per inceptos hymenaeos. Mauris dictum facilisis augue. Fusce tellus. Pellentesque arcu. Maecenas fermentum, sem in pharetra pellentesque, velit turpis volutpat ante, in pharetra metus odio a lectus. Sed elit dui, pellentesque a, faucibus vel, interdum nec, diam. Mauris dolor felis, sagittis at, luctus sed, aliquam non, tellus. Etiam ligula pede, sagittis quis, interdum ultricies, scelerisque eu, urna. Nullam at arcu a est sollicitudin euismod. Praesent dapibus. Duis bibendum, lectus ut viverra rhoncus, dolor nunc faucibus libero, eget facilisis enim ipsum id lacus. Nam sed tellus id magna elementum tincidunt.</p>\r\n<p>Maecenas ipsum velit, consectetuer eu, lobortis ut, dictum at, dui. In rutrum. Sed ac dolor sit amet purus malesuada congue. In laoreet, magna id viverra tincidunt, sem odio bibendum justo, vel imperdiet sapien wisi sed libero. Suspendisse sagittis ultrices augue. Mauris metus. Nunc dapibus tortor vel mi dapibus sollicitudin. Etiam posuere lacus quis dolor. Praesent id justo in neque elementum ultrices. Class aptent taciti sociosqu ad litora torquent per conubia nostra, per inceptos hymenaeos. In convallis. Fusce suscipit libero eget elit. Praesent vitae arcu tempor neque lacinia pretium. Morbi imperdiet, mauris ac auctor dictum, nisl ligula egestas nulla, et sollicitudin sem purus in lacus.</p>\r\n<p>Maecenas ipsum velit, consectetuer eu, lobortis ut, dictum at, dui. In rutrum. Sed ac dolor sit amet purus malesuada congue. In laoreet, magna id viverra tincidunt, sem odio bibendum justo, vel imperdiet sapien wisi sed libero. Suspendisse sagittis ultrices augue. Mauris metus. Nunc dapibus tortor vel mi dapibus sollicitudin. Etiam posuere lacus quis dolor. Praesent id justo in neque elementum ultrices. Class aptent taciti sociosqu ad litora torquent per conubia nostra, per inceptos hymenaeos. In convallis. Fusce suscipit libero eget elit. Praesent vitae arcu tempor neque lacinia pretium. Morbi imperdiet, mauris ac auctor dictum, nisl ligula egestas nulla, et sollicitudin sem purus in lacus.</p>\r\n<p>Maecenas ipsum velit, consectetuer eu, lobortis ut, dictum at, dui. In rutrum. Sed ac dolor sit amet purus malesuada congue. In laoreet, magna id viverra tincidunt, sem odio bibendum justo, vel imperdiet sapien wisi sed libero. Suspendisse sagittis ultrices augue. Mauris metus. Nunc dapibus tortor vel mi dapibus sollicitudin. Etiam posuere lacus quis dolor. Praesent id justo in neque elementum ultrices. Class aptent taciti sociosqu ad litora torquent per conubia nostra, per inceptos hymenaeos. In convallis. Fusce suscipit libero eget elit. Praesent vitae arcu tempor neque lacinia pretium. Morbi imperdiet, mauris ac auctor dictum, nisl ligula egestas nulla, et sollicitudin sem purus in lacus.</p>\r\n<p>In sem justo, commodo ut, suscipit at, pharetra vitae, orci. Duis sapien nunc, commodo et, interdum suscipit, sollicitudin et, dolor. Pellentesque habitant morbi tristique senectus et netus et malesuada fames ac turpis egestas. Aliquam id dolor. Class aptent taciti sociosqu ad litora torquent per conubia nostra, per inceptos hymenaeos. Mauris dictum facilisis augue. Fusce tellus. Pellentesque arcu. Maecenas fermentum, sem in pharetra pellentesque, velit turpis volutpat ante, in pharetra metus odio a lectus. Sed elit dui, pellentesque a, faucibus vel, interdum nec, diam. Mauris dolor felis, sagittis at, luctus sed, aliquam non, tellus. Etiam ligula pede, sagittis quis, interdum ultricies, scelerisque eu, urna. Nullam at arcu a est sollicitudin euismod. Praesent dapibus. Duis bibendum, lectus ut viverra rhoncus, dolor nunc faucibus libero, eget facilisis enim ipsum id lacus. Nam sed tellus id magna elementum tincidunt.</p>\r\n<p>Maecenas ipsum velit, consectetuer eu, lobortis ut, dictum at, dui. In rutrum. Sed ac dolor sit amet purus malesuada congue. In laoreet, magna id viverra tincidunt, sem odio bibendum justo, vel imperdiet sapien wisi sed libero. Suspendisse sagittis ultrices augue. Mauris metus. Nunc dapibus tortor vel mi dapibus sollicitudin. Etiam posuere lacus quis dolor. Praesent id justo in neque elementum ultrices. Class aptent taciti sociosqu ad litora torquent per conubia nostra, per inceptos hymenaeos. In convallis. Fusce suscipit libero eget elit. Praesent vitae arcu tempor neque lacinia pretium. Morbi imperdiet, mauris ac auctor dictum, nisl ligula egestas nulla, et sollicitudin sem purus in lacus.</p>\r\n<p>Praesent in mauris eu tortor porttitor accumsan. Mauris suscipit, ligula sit amet pharetra semper, nibh ante cursus purus, vel sagittis velit mauris vel metus. Aenean fermentum risus id tortor. Integer imperdiet lectus quis justo. Integer tempor. Vivamus ac urna vel leo pretium faucibus. Mauris elementum mauris vitae tortor. In dapibus augue non sapien. Aliquam ante. Curabitur bibendum justo non orci.</p>\r\n<p>Etiam posuere quam ac quam. Maecenas aliquet accumsan leo. Nullam dapibus fermentum ipsum. Etiam quis quam. Integer lacinia. Nulla est. Nulla turpis magna, cursus sit amet, suscipit a, interdum id, felis. Integer vulputate sem a nibh rutrum consequat. Maecenas lorem. Pellentesque pretium lectus id turpis. Etiam sapien elit, consequat eget, tristique non, venenatis quis, ante. Fusce wisi. Phasellus faucibus molestie nisl. Fusce eget urna. Curabitur vitae diam non enim vestibulum interdum. Nulla quis diam. Ut tempus purus at lorem.</p>\r\n<p>In sem justo, commodo ut, suscipit at, pharetra vitae, orci. Duis sapien nunc, commodo et, interdum suscipit, sollicitudin et, dolor. Pellentesque habitant morbi tristique senectus et netus et malesuada fames ac turpis egestas. Aliquam id dolor. Class aptent taciti sociosqu ad litora torquent per conubia nostra, per inceptos hymenaeos. Mauris dictum facilisis augue. Fusce tellus. Pellentesque arcu. Maecenas fermentum, sem in pharetra pellentesque, velit turpis volutpat ante, in pharetra metus odio a lectus. Sed elit dui, pellentesque a, faucibus vel, interdum nec, diam. Mauris dolor felis, sagittis at, luctus sed, aliquam non, tellus. Etiam ligula pede, sagittis quis, interdum ultricies, scelerisque eu, urna. Nullam at arcu a est sollicitudin euismod. Praesent dapibus. Duis bibendum, lectus ut viverra rhoncus, dolor nunc faucibus libero, eget facilisis enim ipsum id lacus. Nam sed tellus id magna elementum tincidunt.</p>\r\n<p>Praesent in mauris eu tortor porttitor accumsan. Mauris suscipit, ligula sit amet pharetra semper, nibh ante cursus purus, vel sagittis velit mauris vel metus. Aenean fermentum risus id tortor. Integer imperdiet lectus quis justo. Integer tempor. Vivamus ac urna vel leo pretium faucibus. Mauris elementum mauris vitae tortor. In dapibus augue non sapien. Aliquam ante. Curabitur bibendum justo non orci.</p>\r\n<p>Praesent in mauris eu tortor porttitor accumsan. Mauris suscipit, ligula sit amet pharetra semper, nibh ante cursus purus, vel sagittis velit mauris vel metus. Aenean fermentum risus id tortor. Integer imperdiet lectus quis justo. Integer tempor. Vivamus ac urna vel leo pretium faucibus. Mauris elementum mauris vitae tortor. In dapibus augue non sapien. Aliquam ante. Curabitur bibendum justo non orci.</p>\r\n<p>Morbi a metus. Phasellus enim erat, vestibulum vel, aliquam a, posuere eu, velit. Nullam sapien sem, ornare ac, nonummy non, lobortis a, enim. Nunc tincidunt ante vitae massa. Duis ante orci, molestie vitae, vehicula venenatis, tincidunt ac, pede. Nulla accumsan, elit sit amet varius semper, nulla mauris mollis quam, tempor suscipit diam nulla vel leo. Etiam commodo dui eget wisi. Donec iaculis gravida nulla. Donec quis nibh at felis congue commodo. Etiam bibendum elit eget erat.</p>\r\n<p>Lorem ipsum dolor sit amet, consectetuer adipiscing elit. Morbi gravida libero nec velit. Morbi scelerisque luctus velit. Etiam dui sem, fermentum vitae, sagittis id, malesuada in, quam. Proin mattis lacinia justo. Vestibulum facilisis auctor urna. Aliquam in lorem sit amet leo accumsan lacinia. Integer rutrum, orci vestibulum ullamcorper ultricies, lacus quam ultricies odio, vitae placerat pede sem sit amet enim. Phasellus et lorem id felis nonummy placerat. Fusce dui leo, imperdiet in, aliquam sit amet, feugiat eu, orci. Aenean vel massa quis mauris vehicula lacinia. Quisque tincidunt scelerisque libero. Maecenas libero. Etiam dictum tincidunt diam. Donec ipsum massa, ullamcorper in, auctor et, scelerisque sed, est. Suspendisse nisl. Sed convallis magna eu sem. Cras pede libero, dapibus nec, pretium sit amet, tempor quis, urna.</p>\r\n<p>Praesent in mauris eu tortor porttitor accumsan. Mauris suscipit, ligula sit amet pharetra semper, nibh ante cursus purus, vel sagittis velit mauris vel metus. Aenean fermentum risus id tortor. Integer imperdiet lectus quis justo. Integer tempor. Vivamus ac urna vel leo pretium faucibus. Mauris elementum mauris vitae tortor. In dapibus augue non sapien. Aliquam ante. Curabitur bibendum justo non orci.</p>\r\n<p>Nam quis nulla. Integer malesuada. In in enim a arcu imperdiet malesuada. Sed vel lectus. Donec odio urna, tempus molestie, porttitor ut, iaculis quis, sem. Phasellus rhoncus. Aenean id metus id velit ullamcorper pulvinar. Vestibulum fermentum tortor id mi. Pellentesque ipsum. Nulla non arcu lacinia neque faucibus fringilla. Nulla non lectus sed nisl molestie malesuada. Proin in tellus sit amet nibh dignissim sagittis. Vivamus luctus egestas leo. Maecenas sollicitudin. Nullam rhoncus aliquam metus. Etiam egestas wisi a erat.</p>\r\n<p>Nam quis nulla. Integer malesuada. In</p>', 0, 1);

-- --------------------------------------------------------

--
-- Table structure for table `users`
--

CREATE TABLE IF NOT EXISTS `users` (
`id_user` int(11) NOT NULL,
  `email` varchar(255) DEFAULT NULL,
  `login` varchar(255) DEFAULT NULL,
  `password` varchar(255) DEFAULT NULL,
  `salt` varchar(23) DEFAULT NULL,
  `role` varchar(50) DEFAULT 'ROLE_USER'
) ENGINE=InnoDB AUTO_INCREMENT=16 DEFAULT CHARSET=utf8;

--
-- Dumping data for table `users`
--

INSERT INTO `users` (`id_user`, `email`, `login`, `password`, `salt`, `role`) VALUES
(1, 'nasreddine.be@hotmail.fr', 'admin', '$2y$13$A8MQM2ZNOi99EW.ML7srhOJsCaybSbexAj/0yXrJs4gQ/2BqMMW2K', 'EDDsl&fBCJB|a5XUtAlnQN8', 'ROLE_ADMIN'),
(2, 'jean-forteroche@gmail.com', 'JohnDoe', '$2y$13$F9v8pl5u5WMrCorP9MLyJeyIsOLj.0/xqKd/hqa5440kyeB7FQ8te', 'YcM=A$nsYzkyeDVjEUa7W9K', 'ROLE_USER'),
(3, 'jane@gmail.com', 'JaneDoe', '$2y$13$qOvvtnceX.TjmiFn4c4vFe.hYlIVXHSPHfInEG21D99QZ6/LM70xa', 'dhMTBkzwDKxnD;4KNs,4ENy', 'ROLE_USER'),
(4, 'jean.forteroche@hotmail.fr', 'JeanFo', '$2y$13$A8MQM2ZNOi99EW.ML7srhOJsCaybSbexAj/0yXrJs4gQ/2BqMMW2K', 'EDDsl&fBCJB|a5XUtAlnQN8', 'ROLE_AUTHOR'),
(5, 'nasre@hotmail.fr', 'nasre', '$2y$13$A8MQM2ZNOi99EW.ML7srhOJsCaybSbexAj/0yXrJs4gQ/2BqMMW2K', 'EDDsl&fBCJB|a5XUtAlnQN8', 'ROLE_MODERATOR'),
(9, 'hicheme@gmail.com', 'hicheme', '$2y$13$4qQqaUY/3hJCpAXXNqzBhu4DOypNVnfXnR4okhv3lUWB6kS3LbGda', 'b936a9909c7221be845c588', 'ROLE_MODERATOR'),
(10, 'nasreddine.be@hotmail.fr', 'nasreddine', '$2y$13$ge/33T0FygUX8T8Bk3khFOPcptw2JSwG/BT0RaJjPFaAUMXlb850.', '4e0634a484e92feaddd5c24', 'ROLE_ADMIN'),
(11, 'jean.forteroche@gmail.com', 'jeanFor', '$2y$13$UhxUaKL73hNRrgWXjlOjMeXpI2czS4ac31WP4ZXn3ve3LEvQPCNOy', '416cf8c57cebdbe92d64718', 'ROLE_AUTHOR'),
(12, 'nanima@gmail.com', 'nani', '$2y$13$q5yV5fA/5HWJNLOmee9OfO7HCbnReWpLVtvNx5iV0pgoT9/6mXPDi', '6f0824d73b9c8428da5c659', 'ROLE_USER');

--
-- Indexes for dumped tables
--

--
-- Indexes for table `comments`
--
ALTER TABLE `comments`
 ADD PRIMARY KEY (`id_comment`), ADD KEY `fk_com_post` (`post_id`), ADD KEY `fk_com_usr` (`user_id`), ADD KEY `read` (`read_comment`);

--
-- Indexes for table `medias`
--
ALTER TABLE `medias`
 ADD PRIMARY KEY (`id_media`);

--
-- Indexes for table `posts`
--
ALTER TABLE `posts`
 ADD PRIMARY KEY (`id_post`);

--
-- Indexes for table `users`
--
ALTER TABLE `users`
 ADD PRIMARY KEY (`id_user`);

--
-- AUTO_INCREMENT for dumped tables
--

--
-- AUTO_INCREMENT for table `comments`
--
ALTER TABLE `comments`
MODIFY `id_comment` int(11) NOT NULL AUTO_INCREMENT,AUTO_INCREMENT=40;
--
-- AUTO_INCREMENT for table `medias`
--
ALTER TABLE `medias`
MODIFY `id_media` int(11) NOT NULL AUTO_INCREMENT COMMENT '\n',AUTO_INCREMENT=12;
--
-- AUTO_INCREMENT for table `posts`
--
ALTER TABLE `posts`
MODIFY `id_post` int(11) NOT NULL AUTO_INCREMENT,AUTO_INCREMENT=12;
--
-- AUTO_INCREMENT for table `users`
--
ALTER TABLE `users`
MODIFY `id_user` int(11) NOT NULL AUTO_INCREMENT,AUTO_INCREMENT=16;
--
-- Constraints for dumped tables
--

--
-- Constraints for table `comments`
--
ALTER TABLE `comments`
ADD CONSTRAINT `fk_com_post` FOREIGN KEY (`post_id`) REFERENCES `posts` (`id_post`),
ADD CONSTRAINT `fk_com_usr` FOREIGN KEY (`user_id`) REFERENCES `users` (`id_user`);

/*!40101 SET CHARACTER_SET_CLIENT=@OLD_CHARACTER_SET_CLIENT */;
/*!40101 SET CHARACTER_SET_RESULTS=@OLD_CHARACTER_SET_RESULTS */;
/*!40101 SET COLLATION_CONNECTION=@OLD_COLLATION_CONNECTION */;
